INFO 2026-04-28 19:20:43,885 autoreload 26840 25348 Watching for file changes with StatReloader
INFO 2026-04-28 19:23:23,578 autoreload 26840 25348 C:\Users\Rakesh\Downloads\civiqo_elective_optin\elective_optin\electives\forms.py changed, reloading.
INFO 2026-04-28 19:23:23,927 autoreload 28224 20132 Watching for file changes with StatReloader
INFO 2026-04-28 19:23:40,241 autoreload 28224 20132 C:\Users\Rakesh\Downloads\civiqo_elective_optin\elective_optin\electives\views.py changed, reloading.
INFO 2026-04-28 19:23:40,562 autoreload 10596 28504 Watching for file changes with StatReloader
INFO 2026-04-28 19:23:52,818 autoreload 10596 28504 C:\Users\Rakesh\Downloads\civiqo_elective_optin\elective_optin\electives\urls.py changed, reloading.
INFO 2026-04-28 19:23:53,132 autoreload 28120 428 Watching for file changes with StatReloader
INFO 2026-04-28 19:25:51,389 autoreload 28120 428 C:\Users\Rakesh\Downloads\civiqo_elective_optin\elective_optin\electives\views.py changed, reloading.
INFO 2026-04-28 19:25:51,717 autoreload 24680 16624 Watching for file changes with StatReloader
INFO 2026-04-28 19:26:05,042 autoreload 24680 16624 C:\Users\Rakesh\Downloads\civiqo_elective_optin\elective_optin\electives\urls.py changed, reloading.
INFO 2026-04-28 19:26:05,372 autoreload 24428 24632 Watching for file changes with StatReloader
INFO 2026-04-28 19:32:33,561 autoreload 15272 27776 Watching for file changes with StatReloader
WARNING 2026-04-28 19:32:35,733 base 24428 29068 Session data corrupted
INFO 2026-04-28 19:32:35,804 basehttp 24428 29068 "GET / HTTP/1.1" 200 13303
INFO 2026-04-28 19:32:35,939 basehttp 24428 29068 "GET /static/css/styles.css HTTP/1.1" 200 19784
WARNING 2026-04-28 19:33:06,879 base 24428 29068 Session data corrupted
INFO 2026-04-28 19:33:06,903 basehttp 24428 29068 "GET /catalog/ HTTP/1.1" 200 31540
INFO 2026-04-28 19:33:06,923 basehttp 24428 29068 "GET /static/js/ajax_seats.js HTTP/1.1" 304 0
INFO 2026-04-28 19:33:06,953 basehttp 24428 29068 "GET /api/seats/?ids=5,6,12,1,2,3,4,7,8,9,10,15,13,14,11 HTTP/1.1" 200 784
WARNING 2026-04-28 19:33:13,974 base 24428 29068 Session data corrupted
INFO 2026-04-28 19:33:13,982 basehttp 24428 29068 "GET /login/ HTTP/1.1" 200 4706
WARNING 2026-04-28 19:33:18,798 base 24428 29068 Session data corrupted
INFO 2026-04-28 19:33:18,808 basehttp 24428 29068 "GET /register/ HTTP/1.1" 200 6791
WARNING 2026-04-28 19:33:22,323 base 24428 29068 Session data corrupted
INFO 2026-04-28 19:33:22,327 basehttp 24428 29068 "GET /login/ HTTP/1.1" 200 4706
WARNING 2026-04-28 19:33:29,792 base 24428 29068 Session data corrupted
INFO 2026-04-28 19:33:30,237 basehttp 24428 29068 "POST /login/ HTTP/1.1" 302 0
INFO 2026-04-28 19:33:30,248 basehttp 24428 29068 "GET /dashboard/ HTTP/1.1" 302 0
INFO 2026-04-28 19:33:30,271 basehttp 24428 29068 "GET /admin-panel/ HTTP/1.1" 200 25499
WARNING 2026-04-28 19:33:40,495 log 24428 29068 Not Found: /admin/diagnostic/
WARNING 2026-04-28 19:33:40,496 basehttp 24428 29068 "GET /admin/diagnostic/ HTTP/1.1" 404 5727
WARNING 2026-04-28 19:33:45,183 log 24428 29068 Not Found: /admin/csv-upload/
WARNING 2026-04-28 19:33:45,184 basehttp 24428 29068 "GET /admin/csv-upload/ HTTP/1.1" 404 5727
WARNING 2026-04-28 19:33:48,612 log 24428 29068 Not Found: /admin/export/
WARNING 2026-04-28 19:33:48,612 basehttp 24428 29068 "GET /admin/export/ HTTP/1.1" 404 5715
WARNING 2026-04-28 19:33:55,062 log 24428 29068 Not Found: /admin/run/
WARNING 2026-04-28 19:33:55,064 basehttp 24428 29068 "POST /admin/run/ HTTP/1.1" 404 5707
INFO 2026-04-28 19:34:06,658 basehttp 24428 29068 "GET / HTTP/1.1" 302 0
INFO 2026-04-28 19:34:06,664 basehttp 24428 29068 "GET /dashboard/ HTTP/1.1" 302 0
INFO 2026-04-28 19:34:06,696 basehttp 24428 29068 "GET /admin-panel/ HTTP/1.1" 200 25182
INFO 2026-04-28 19:35:11,950 basehttp 24428 29068 "GET /dashboard/ HTTP/1.1" 302 0
INFO 2026-04-28 19:35:11,985 basehttp 24428 29068 "GET /admin-panel/ HTTP/1.1" 200 25182
INFO 2026-04-28 19:35:12,011 basehttp 24428 29068 "GET /static/css/styles.css HTTP/1.1" 304 0
INFO 2026-04-28 19:36:12,844 basehttp 24428 12128 "GET /logout/ HTTP/1.1" 302 0
INFO 2026-04-28 19:36:12,883 basehttp 24428 12128 "GET / HTTP/1.1" 200 13570
INFO 2026-04-28 19:36:19,154 basehttp 24428 12128 "GET /courses/23ITT502/ HTTP/1.1" 200 8134
INFO 2026-04-28 19:36:19,171 basehttp 24428 12128 "GET /api/seats/14/ HTTP/1.1" 200 72
INFO 2026-04-28 19:36:24,581 basehttp 24428 12128 "GET /login/ HTTP/1.1" 200 4706
INFO 2026-04-28 19:36:29,502 basehttp 24428 12128 "POST /login/ HTTP/1.1" 302 0
INFO 2026-04-28 19:36:29,552 basehttp 24428 12128 "GET /dashboard/ HTTP/1.1" 200 10002
INFO 2026-04-28 19:36:38,981 basehttp 24428 12128 "GET /preferences/ HTTP/1.1" 200 15174
INFO 2026-04-28 19:37:14,103 basehttp 24428 12128 "GET /catalog/ HTTP/1.1" 200 32265
INFO 2026-04-28 19:37:14,114 basehttp 24428 12128 "GET /static/css/styles.css HTTP/1.1" 304 0
INFO 2026-04-28 19:37:14,150 basehttp 24428 12128 "GET /api/seats/?ids=5,6,12,1,2,3,4,7,8,9,10,15,13,14,11 HTTP/1.1" 200 784
INFO 2026-04-28 19:37:34,942 basehttp 24428 12128 "GET /api/seats/?ids=5,6,12,1,2,3,4,7,8,9,10,15,13,14,11 HTTP/1.1" 200 784
INFO 2026-04-28 19:37:54,957 basehttp 24428 12128 "GET /api/seats/?ids=5,6,12,1,2,3,4,7,8,9,10,15,13,14,11 HTTP/1.1" 200 784
INFO 2026-04-28 19:38:14,947 basehttp 24428 12128 "GET /api/seats/?ids=5,6,12,1,2,3,4,7,8,9,10,15,13,14,11 HTTP/1.1" 200 784
INFO 2026-04-28 19:38:31,482 autoreload 26656 23816 Watching for file changes with StatReloader
INFO 2026-04-28 19:38:34,943 basehttp 24428 12128 "GET /api/seats/?ids=5,6,12,1,2,3,4,7,8,9,10,15,13,14,11 HTTP/1.1" 200 784
INFO 2026-04-28 19:38:54,932 basehttp 24428 12128 "GET /api/seats/?ids=5,6,12,1,2,3,4,7,8,9,10,15,13,14,11 HTTP/1.1" 200 784
INFO 2026-04-28 19:39:04,498 autoreload 24428 24632 C:\Users\Rakesh\Downloads\civiqo_elective_optin\elective_optin\electives\views.py changed, reloading.
INFO 2026-04-28 19:39:04,761 autoreload 15272 27776 C:\Users\Rakesh\Downloads\civiqo_elective_optin\elective_optin\electives\views.py changed, reloading.
INFO 2026-04-28 19:39:04,843 autoreload 24536 29116 Watching for file changes with StatReloader
INFO 2026-04-28 19:39:04,894 autoreload 26656 23816 C:\Users\Rakesh\Downloads\civiqo_elective_optin\elective_optin\electives\views.py changed, reloading.
INFO 2026-04-28 19:39:05,098 autoreload 7340 18596 Watching for file changes with StatReloader
INFO 2026-04-28 19:39:05,232 autoreload 25196 25076 Watching for file changes with StatReloader
INFO 2026-04-28 19:39:14,951 basehttp 24536 28748 "GET /api/seats/?ids=5,6,12,1,2,3,4,7,8,9,10,15,13,14,11 HTTP/1.1" 200 784
INFO 2026-04-28 19:39:34,948 basehttp 24536 28748 "GET /api/seats/?ids=5,6,12,1,2,3,4,7,8,9,10,15,13,14,11 HTTP/1.1" 200 784
INFO 2026-04-28 19:40:07,947 basehttp 24536 28748 "GET /api/seats/?ids=5,6,12,1,2,3,4,7,8,9,10,15,13,14,11 HTTP/1.1" 200 784
INFO 2026-04-28 19:41:07,958 basehttp 24536 28748 "GET /api/seats/?ids=5,6,12,1,2,3,4,7,8,9,10,15,13,14,11 HTTP/1.1" 200 784
INFO 2026-04-28 19:41:37,661 autoreload 7340 18596 C:\Users\Rakesh\Downloads\civiqo_elective_optin\elective_optin\electives\views.py changed, reloading.
INFO 2026-04-28 19:41:37,687 autoreload 24536 29116 C:\Users\Rakesh\Downloads\civiqo_elective_optin\elective_optin\electives\views.py changed, reloading.
INFO 2026-04-28 19:41:37,694 autoreload 25196 25076 C:\Users\Rakesh\Downloads\civiqo_elective_optin\elective_optin\electives\views.py changed, reloading.
INFO 2026-04-28 19:41:38,189 autoreload 27432 28316 Watching for file changes with StatReloader
INFO 2026-04-28 19:41:38,190 autoreload 17312 24444 Watching for file changes with StatReloader
INFO 2026-04-28 19:41:38,192 autoreload 24424 25908 Watching for file changes with StatReloader
INFO 2026-04-28 19:42:03,662 autoreload 27432 28316 C:\Users\Rakesh\Downloads\civiqo_elective_optin\elective_optin\electives\views.py changed, reloading.
INFO 2026-04-28 19:42:03,667 autoreload 24424 25908 C:\Users\Rakesh\Downloads\civiqo_elective_optin\elective_optin\electives\views.py changed, reloading.
INFO 2026-04-28 19:42:03,691 autoreload 17312 24444 C:\Users\Rakesh\Downloads\civiqo_elective_optin\elective_optin\electives\views.py changed, reloading.
INFO 2026-04-28 19:42:04,224 autoreload 26632 12060 Watching for file changes with StatReloader
INFO 2026-04-28 19:42:04,224 autoreload 10556 15540 Watching for file changes with StatReloader
INFO 2026-04-28 19:42:04,224 autoreload 14180 29664 Watching for file changes with StatReloader
INFO 2026-04-28 19:42:07,958 basehttp 14180 25712 "GET /api/seats/?ids=5,6,12,1,2,3,4,7,8,9,10,15,13,14,11 HTTP/1.1" 200 784
INFO 2026-04-28 19:43:07,973 basehttp 14180 25712 "GET /api/seats/?ids=5,6,12,1,2,3,4,7,8,9,10,15,13,14,11 HTTP/1.1" 200 784
INFO 2026-04-28 19:44:07,943 basehttp 14180 25712 "GET /api/seats/?ids=5,6,12,1,2,3,4,7,8,9,10,15,13,14,11 HTTP/1.1" 200 784
INFO 2026-04-28 19:45:07,950 basehttp 14180 25712 "GET /api/seats/?ids=5,6,12,1,2,3,4,7,8,9,10,15,13,14,11 HTTP/1.1" 200 784
INFO 2026-04-28 19:46:07,946 basehttp 14180 25712 "GET /api/seats/?ids=5,6,12,1,2,3,4,7,8,9,10,15,13,14,11 HTTP/1.1" 200 784
INFO 2026-04-28 19:46:58,317 autoreload 10460 28348 Watching for file changes with StatReloader
INFO 2026-04-28 19:47:07,952 basehttp 14180 25712 "GET /api/seats/?ids=5,6,12,1,2,3,4,7,8,9,10,15,13,14,11 HTTP/1.1" 200 784
INFO 2026-04-28 19:48:07,935 basehttp 14180 25712 "GET /api/seats/?ids=5,6,12,1,2,3,4,7,8,9,10,15,13,14,11 HTTP/1.1" 200 784
INFO 2026-04-28 19:49:07,950 basehttp 14180 25712 "GET /api/seats/?ids=5,6,12,1,2,3,4,7,8,9,10,15,13,14,11 HTTP/1.1" 200 784
INFO 2026-04-28 19:50:07,952 basehttp 14180 25712 "GET /api/seats/?ids=5,6,12,1,2,3,4,7,8,9,10,15,13,14,11 HTTP/1.1" 200 784
INFO 2026-04-28 19:51:07,945 basehttp 14180 25712 "GET /api/seats/?ids=5,6,12,1,2,3,4,7,8,9,10,15,13,14,11 HTTP/1.1" 200 784
INFO 2026-04-28 19:52:07,944 basehttp 14180 25712 "GET /api/seats/?ids=5,6,12,1,2,3,4,7,8,9,10,15,13,14,11 HTTP/1.1" 200 784
INFO 2026-04-28 19:53:08,105 basehttp 14180 25712 "GET /api/seats/?ids=5,6,12,1,2,3,4,7,8,9,10,15,13,14,11 HTTP/1.1" 200 784
INFO 2026-04-28 19:54:07,975 basehttp 14180 25712 "GET /api/seats/?ids=5,6,12,1,2,3,4,7,8,9,10,15,13,14,11 HTTP/1.1" 200 784
INFO 2026-04-28 19:55:07,947 basehttp 14180 25712 "GET /api/seats/?ids=5,6,12,1,2,3,4,7,8,9,10,15,13,14,11 HTTP/1.1" 200 784
INFO 2026-04-28 19:56:07,935 basehttp 14180 25712 "GET /api/seats/?ids=5,6,12,1,2,3,4,7,8,9,10,15,13,14,11 HTTP/1.1" 200 784
WARNING 2026-04-28 19:56:34,686 base 14180 28708 Session data corrupted
INFO 2026-04-28 19:56:34,703 basehttp 14180 28708 "GET /logout/ HTTP/1.1" 302 0
INFO 2026-04-28 19:56:34,737 basehttp 14180 28708 "GET / HTTP/1.1" 200 22460
INFO 2026-04-28 19:56:52,323 basehttp 14180 28708 "GET /courses/23DST501/ HTTP/1.1" 200 8033
INFO 2026-04-28 19:56:52,340 basehttp 14180 28708 "GET /static/js/ajax_seats.js HTTP/1.1" 304 0
INFO 2026-04-28 19:56:52,357 basehttp 14180 28708 "GET /api/seats/7/ HTTP/1.1" 200 72
INFO 2026-04-28 19:57:01,331 basehttp 14180 28708 "GET /login/ HTTP/1.1" 200 5771
INFO 2026-04-28 19:57:07,969 basehttp 14180 25712 "GET /api/seats/?ids=5,6,12,1,2,3,4,7,8,9,10,15,13,14,11 HTTP/1.1" 200 784
WARNING 2026-04-28 19:57:21,889 log 14180 28708 Not Found: /.well-known/appspecific/com.chrome.devtools.json
WARNING 2026-04-28 19:57:21,890 basehttp 14180 28708 "GET /.well-known/appspecific/com.chrome.devtools.json HTTP/1.1" 404 6779
INFO 2026-04-28 19:57:29,312 basehttp 14180 28708 "POST /login/ HTTP/1.1" 302 0
INFO 2026-04-28 19:57:29,327 basehttp 14180 28708 "GET /dashboard/ HTTP/1.1" 302 0
INFO 2026-04-28 19:57:29,356 basehttp 14180 28708 "GET /admin-panel/ HTTP/1.1" 200 25499
WARNING 2026-04-28 19:57:29,394 log 14180 28708 Not Found: /.well-known/appspecific/com.chrome.devtools.json
WARNING 2026-04-28 19:57:29,396 basehttp 14180 28708 "GET /.well-known/appspecific/com.chrome.devtools.json HTTP/1.1" 404 6779
INFO 2026-04-28 19:57:53,125 basehttp 14180 28708 "GET /logout/ HTTP/1.1" 302 0
INFO 2026-04-28 19:57:53,161 basehttp 14180 28708 "GET / HTTP/1.1" 200 22461
WARNING 2026-04-28 19:57:53,197 log 14180 28708 Not Found: /.well-known/appspecific/com.chrome.devtools.json
WARNING 2026-04-28 19:57:53,198 basehttp 14180 28708 "GET /.well-known/appspecific/com.chrome.devtools.json HTTP/1.1" 404 6779
INFO 2026-04-28 19:57:58,332 basehttp 14180 28708 "GET /login/ HTTP/1.1" 200 5771
WARNING 2026-04-28 19:57:58,366 log 14180 28708 Not Found: /.well-known/appspecific/com.chrome.devtools.json
WARNING 2026-04-28 19:57:58,368 basehttp 14180 28708 "GET /.well-known/appspecific/com.chrome.devtools.json HTTP/1.1" 404 6779
INFO 2026-04-28 19:58:01,419 basehttp 14180 28708 "POST /login/ HTTP/1.1" 302 0
INFO 2026-04-28 19:58:01,431 basehttp 14180 28708 "GET /dashboard/ HTTP/1.1" 302 0
INFO 2026-04-28 19:58:01,457 basehttp 14180 28708 "GET /admin-panel/ HTTP/1.1" 200 25499
WARNING 2026-04-28 19:58:01,492 log 14180 28708 Not Found: /.well-known/appspecific/com.chrome.devtools.json
WARNING 2026-04-28 19:58:01,493 basehttp 14180 28708 "GET /.well-known/appspecific/com.chrome.devtools.json HTTP/1.1" 404 6779
INFO 2026-04-28 19:58:07,938 basehttp 14180 25712 "GET /api/seats/?ids=5,6,12,1,2,3,4,7,8,9,10,15,13,14,11 HTTP/1.1" 200 784
WARNING 2026-04-28 19:58:08,783 log 14180 28708 Not Found: /admin/run/
WARNING 2026-04-28 19:58:08,784 basehttp 14180 28708 "POST /admin/run/ HTTP/1.1" 404 5707
INFO 2026-04-28 19:59:07,967 basehttp 14180 25712 "GET /api/seats/?ids=5,6,12,1,2,3,4,7,8,9,10,15,13,14,11 HTTP/1.1" 200 784
INFO 2026-04-28 20:00:07,943 basehttp 14180 25712 "GET /api/seats/?ids=5,6,12,1,2,3,4,7,8,9,10,15,13,14,11 HTTP/1.1" 200 784
INFO 2026-04-28 20:01:07,932 basehttp 14180 25712 "GET /api/seats/?ids=5,6,12,1,2,3,4,7,8,9,10,15,13,14,11 HTTP/1.1" 200 784
INFO 2026-04-28 20:02:07,946 basehttp 14180 25712 "GET /api/seats/?ids=5,6,12,1,2,3,4,7,8,9,10,15,13,14,11 HTTP/1.1" 200 784
INFO 2026-04-28 20:03:07,957 basehttp 14180 25712 "GET /api/seats/?ids=5,6,12,1,2,3,4,7,8,9,10,15,13,14,11 HTTP/1.1" 200 784
INFO 2026-04-28 20:04:07,952 basehttp 14180 25712 "GET /api/seats/?ids=5,6,12,1,2,3,4,7,8,9,10,15,13,14,11 HTTP/1.1" 200 784
INFO 2026-04-28 20:04:21,039 basehttp 14180 24668 "GET /admin-panel/ HTTP/1.1" 200 25182
WARNING 2026-04-28 20:04:21,083 log 14180 24668 Not Found: /.well-known/appspecific/com.chrome.devtools.json
WARNING 2026-04-28 20:04:21,084 basehttp 14180 24668 "GET /.well-known/appspecific/com.chrome.devtools.json HTTP/1.1" 404 6779
INFO 2026-04-28 20:19:49,648 basehttp 14180 32156 "GET /api/seats/?ids=5,6,12,1,2,3,4,7,8,9,10,15,13,14,11 HTTP/1.1" 200 784
INFO 2026-04-28 21:09:29,145 basehttp 14180 10308 "GET /api/seats/?ids=5,6,12,1,2,3,4,7,8,9,10,15,13,14,11 HTTP/1.1" 200 784
WARNING 2026-04-28 21:09:47,801 log 21508 26680 Not Found: /admin/run/
INFO 2026-04-28 21:10:14,147 basehttp 14180 24712 "GET /api/seats/?ids=5,6,12,1,2,3,4,7,8,9,10,15,13,14,11 HTTP/1.1" 200 784
INFO 2026-04-28 21:11:07,943 basehttp 14180 24712 "GET /api/seats/?ids=5,6,12,1,2,3,4,7,8,9,10,15,13,14,11 HTTP/1.1" 200 784
INFO 2026-04-28 21:12:07,945 basehttp 14180 24712 "GET /api/seats/?ids=5,6,12,1,2,3,4,7,8,9,10,15,13,14,11 HTTP/1.1" 200 784
INFO 2026-04-28 21:13:25,182 basehttp 14180 24712 "GET /api/seats/?ids=5,6,12,1,2,3,4,7,8,9,10,15,13,14,11 HTTP/1.1" 200 784
INFO 2026-04-28 21:13:37,729 basehttp 14180 24712 "GET / HTTP/1.1" 302 0
INFO 2026-04-28 21:13:37,844 basehttp 14180 24712 "GET /dashboard/ HTTP/1.1" 200 15244
INFO 2026-04-28 21:13:38,119 basehttp 14180 24712 "GET /static/css/styles.css HTTP/1.1" 304 0
INFO 2026-04-28 21:13:54,792 basehttp 14180 24712 "GET / HTTP/1.1" 302 0
INFO 2026-04-28 21:13:54,843 basehttp 14180 24712 "GET /dashboard/ HTTP/1.1" 200 15244
INFO 2026-04-28 21:13:57,930 basehttp 14180 24712 "GET /catalog/ HTTP/1.1" 200 67220
INFO 2026-04-28 21:13:58,030 basehttp 14180 24712 "GET /api/seats/?ids=5,6,12,1,2,3,4,7,8,9,10,15,13,14,11 HTTP/1.1" 200 784
INFO 2026-04-28 21:14:02,706 basehttp 14180 24712 "GET /courses/23AIT501/ HTTP/1.1" 200 8608
INFO 2026-04-28 21:14:02,770 basehttp 14180 24712 "GET /api/seats/5/ HTTP/1.1" 200 72
INFO 2026-04-28 21:14:07,962 basehttp 14180 24712 "GET /api/seats/?ids=5,6,12,1,2,3,4,7,8,9,10,15,13,14,11 HTTP/1.1" 200 784
INFO 2026-04-28 21:14:08,032 basehttp 14180 24712 "GET /catalog/ HTTP/1.1" 200 67220
INFO 2026-04-28 21:14:08,071 basehttp 14180 24712 "GET /api/seats/?ids=5,6,12,1,2,3,4,7,8,9,10,15,13,14,11 HTTP/1.1" 200 784
INFO 2026-04-28 21:14:21,522 basehttp 14180 24712 "GET /dashboard/ HTTP/1.1" 200 15244
INFO 2026-04-28 21:14:24,021 basehttp 14180 24712 "GET /preferences/ HTTP/1.1" 200 15174
INFO 2026-04-28 21:14:28,610 basehttp 14180 24712 "GET /logout/ HTTP/1.1" 302 0
INFO 2026-04-28 21:14:28,674 basehttp 14180 24712 "GET / HTTP/1.1" 200 22476
INFO 2026-04-28 21:14:41,024 basehttp 14180 24712 "GET /courses/23CET501/ HTTP/1.1" 200 7780
INFO 2026-04-28 21:14:41,121 basehttp 14180 24712 "GET /api/seats/12/ HTTP/1.1" 200 72
INFO 2026-04-28 21:14:47,445 basehttp 14180 24712 "GET /login/ HTTP/1.1" 200 4314
INFO 2026-04-28 21:14:56,193 basehttp 14180 24712 "POST /login/ HTTP/1.1" 302 0
INFO 2026-04-28 21:14:56,199 basehttp 14180 24712 "GET /dashboard/ HTTP/1.1" 302 0
INFO 2026-04-28 21:14:56,221 basehttp 14180 24712 "GET /admin-panel/ HTTP/1.1" 200 25499
WARNING 2026-04-28 21:15:04,075 log 14180 24712 Not Found: /admin/run/
WARNING 2026-04-28 21:15:04,076 basehttp 14180 24712 "POST /admin/run/ HTTP/1.1" 404 5707
INFO 2026-04-28 21:15:07,957 basehttp 14180 24712 "GET /api/seats/?ids=5,6,12,1,2,3,4,7,8,9,10,15,13,14,11 HTTP/1.1" 200 784
WARNING 2026-04-28 21:15:09,315 log 14180 24712 Not Found: /.well-known/appspecific/com.chrome.devtools.json
WARNING 2026-04-28 21:15:09,316 basehttp 14180 24712 "GET /.well-known/appspecific/com.chrome.devtools.json HTTP/1.1" 404 6779
WARNING 2026-04-28 21:15:56,148 log 14180 24712 Not Found: /admin/run/
WARNING 2026-04-28 21:15:56,151 basehttp 14180 24712 "POST /admin/run/ HTTP/1.1" 404 5707
INFO 2026-04-28 21:16:07,973 basehttp 14180 24712 "GET /api/seats/?ids=5,6,12,1,2,3,4,7,8,9,10,15,13,14,11 HTTP/1.1" 200 784
INFO 2026-04-28 21:17:05,094 basehttp 26632 31000 "GET /admin-panel/ HTTP/1.1" 200 25182
WARNING 2026-04-28 21:17:05,183 log 26632 31000 Not Found: /.well-known/appspecific/com.chrome.devtools.json
WARNING 2026-04-28 21:17:05,184 basehttp 26632 31000 "GET /.well-known/appspecific/com.chrome.devtools.json HTTP/1.1" 404 6779
INFO 2026-04-28 21:17:06,657 basehttp 26632 31000 "GET /admin-panel/ HTTP/1.1" 200 25182
WARNING 2026-04-28 21:17:06,701 log 26632 31000 Not Found: /.well-known/appspecific/com.chrome.devtools.json
WARNING 2026-04-28 21:17:06,702 basehttp 26632 31000 "GET /.well-known/appspecific/com.chrome.devtools.json HTTP/1.1" 404 6779
INFO 2026-04-28 21:17:07,953 basehttp 26632 31000 "GET /api/seats/?ids=5,6,12,1,2,3,4,7,8,9,10,15,13,14,11 HTTP/1.1" 200 784
INFO 2026-04-28 21:17:13,810 basehttp 26632 31000 "GET /catalog/ HTTP/1.1" 200 67932
INFO 2026-04-28 21:17:13,892 basehttp 26632 31000 "GET /api/seats/?ids=5,6,12,1,2,3,4,7,8,9,10,15,13,14,11 HTTP/1.1" 200 784
INFO 2026-04-28 21:17:19,789 basehttp 26632 31000 "GET / HTTP/1.1" 302 0
INFO 2026-04-28 21:17:19,812 basehttp 26632 31000 "GET /dashboard/ HTTP/1.1" 302 0
INFO 2026-04-28 21:17:19,860 basehttp 26632 31000 "GET /admin-panel/ HTTP/1.1" 200 25182
INFO 2026-04-28 21:17:27,536 basehttp 26632 31000 "GET / HTTP/1.1" 302 0
INFO 2026-04-28 21:17:27,565 basehttp 26632 31000 "GET /dashboard/ HTTP/1.1" 302 0
INFO 2026-04-28 21:17:27,587 basehttp 26632 31000 "GET /admin-panel/ HTTP/1.1" 200 25182
INFO 2026-04-28 21:17:33,949 basehttp 26632 31000 "GET /api/seats/?ids=5,6,12,1,2,3,4,7,8,9,10,15,13,14,11 HTTP/1.1" 200 784
WARNING 2026-04-28 21:17:50,280 log 26632 31000 Not Found: /admin/run/
WARNING 2026-04-28 21:17:50,284 basehttp 26632 31000 "POST /admin/run/ HTTP/1.1" 404 5707
INFO 2026-04-28 21:17:53,953 basehttp 26632 31000 "GET /api/seats/?ids=5,6,12,1,2,3,4,7,8,9,10,15,13,14,11 HTTP/1.1" 200 784
WARNING 2026-04-28 21:17:58,152 log 26632 31000 Not Found: /admin/csv-upload/
WARNING 2026-04-28 21:17:58,156 basehttp 26632 31000 "GET /admin/csv-upload/ HTTP/1.1" 404 5727
INFO 2026-04-28 21:19:55,666 basehttp 26632 31000 "GET / HTTP/1.1" 302 0
INFO 2026-04-28 21:19:55,685 basehttp 26632 31000 "GET /dashboard/ HTTP/1.1" 302 0
INFO 2026-04-28 21:19:55,774 basehttp 26632 31000 "GET /admin-panel/ HTTP/1.1" 200 25182
INFO 2026-04-28 21:19:58,205 basehttp 26632 31000 "GET /admin-panel/ HTTP/1.1" 200 25182
INFO 2026-04-28 21:19:59,270 basehttp 26632 31000 "GET /admin-panel/ HTTP/1.1" 200 25182
INFO 2026-04-28 21:19:59,442 basehttp 26632 31000 "GET /admin-panel/ HTTP/1.1" 200 25182
INFO 2026-04-28 21:19:59,668 basehttp 26632 31000 "GET /admin-panel/ HTTP/1.1" 200 25182
INFO 2026-04-28 21:20:11,572 basehttp 26632 31000 "GET /admin-panel/ HTTP/1.1" 200 25182
INFO 2026-04-28 21:23:20,897 autoreload 26632 12060 C:\Users\Rakesh\Downloads\civiqo_elective_optin\elective_optin\civiqo\urls.py changed, reloading.
INFO 2026-04-28 21:23:20,899 autoreload 10556 15540 C:\Users\Rakesh\Downloads\civiqo_elective_optin\elective_optin\civiqo\urls.py changed, reloading.
INFO 2026-04-28 21:23:20,905 autoreload 10460 28348 C:\Users\Rakesh\Downloads\civiqo_elective_optin\elective_optin\civiqo\urls.py changed, reloading.
INFO 2026-04-28 21:23:21,957 autoreload 18644 25776 Watching for file changes with StatReloader
INFO 2026-04-28 21:23:21,958 autoreload 15596 15628 Watching for file changes with StatReloader
INFO 2026-04-28 21:23:21,958 autoreload 11820 33668 Watching for file changes with StatReloader
INFO 2026-04-28 21:33:42,723 autoreload 33736 33236 Watching for file changes with StatReloader
INFO 2026-04-28 21:34:19,622 autoreload 33736 33236 C:\Users\Rakesh\Downloads\civiqo_elective_optin\elective_optin\electives\views.py changed, reloading.
INFO 2026-04-28 21:34:20,183 autoreload 15596 15628 C:\Users\Rakesh\Downloads\civiqo_elective_optin\elective_optin\electives\views.py changed, reloading.
INFO 2026-04-28 21:34:20,199 autoreload 18644 25776 C:\Users\Rakesh\Downloads\civiqo_elective_optin\elective_optin\electives\views.py changed, reloading.
INFO 2026-04-28 21:34:20,200 autoreload 11820 33668 C:\Users\Rakesh\Downloads\civiqo_elective_optin\elective_optin\electives\views.py changed, reloading.
INFO 2026-04-28 21:34:20,294 autoreload 31200 3792 Watching for file changes with StatReloader
INFO 2026-04-28 21:34:20,769 autoreload 31400 30436 Watching for file changes with StatReloader
INFO 2026-04-28 21:34:20,780 autoreload 30388 28864 Watching for file changes with StatReloader
INFO 2026-04-28 21:34:20,783 autoreload 26576 29024 Watching for file changes with StatReloader
WARNING 2026-04-28 21:51:01,517 log 31200 26760 Forbidden (CSRF cookie not set.): /admin/run/
WARNING 2026-04-28 21:51:01,518 basehttp 31200 26760 "POST /admin/run/ HTTP/1.1" 403 2870
INFO 2026-04-28 21:53:16,206 autoreload 30000 30276 Watching for file changes with StatReloader
INFO 2026-04-28 21:53:59,437 autoreload 30000 30276 C:\Users\Rakesh\Downloads\civiqo_elective_optin\elective_optin\electives\views.py changed, reloading.
INFO 2026-04-28 21:53:59,791 autoreload 26576 29024 C:\Users\Rakesh\Downloads\civiqo_elective_optin\elective_optin\electives\views.py changed, reloading.
INFO 2026-04-28 21:53:59,799 autoreload 30388 28864 C:\Users\Rakesh\Downloads\civiqo_elective_optin\elective_optin\electives\views.py changed, reloading.
INFO 2026-04-28 21:53:59,802 autoreload 31400 30436 C:\Users\Rakesh\Downloads\civiqo_elective_optin\elective_optin\electives\views.py changed, reloading.
INFO 2026-04-28 21:53:59,860 autoreload 31392 29964 Watching for file changes with StatReloader
INFO 2026-04-28 21:54:00,274 autoreload 31224 23184 Watching for file changes with StatReloader
INFO 2026-04-28 21:54:00,275 autoreload 18136 8640 Watching for file changes with StatReloader
INFO 2026-04-28 21:54:00,277 autoreload 30940 27964 Watching for file changes with StatReloader
INFO 2026-04-28 21:54:32,995 basehttp 31392 28636 "GET /admin-panel/ HTTP/1.1" 200 25182
INFO 2026-04-28 21:54:33,013 basehttp 31392 28636 "GET /static/css/styles.css HTTP/1.1" 304 0
INFO 2026-04-28 21:54:39,123 basehttp 31392 28636 "POST /admin/run/ HTTP/1.1" 200 149
INFO 2026-04-28 21:54:41,218 basehttp 31392 28636 "GET /admin-panel/ HTTP/1.1" 200 25634
INFO 2026-04-28 21:54:51,852 basehttp 31392 28636 "GET /admin/csv-upload/ HTTP/1.1" 200 16520
INFO 2026-04-28 21:54:58,751 basehttp 31392 28636 "GET /admin/sample/departments/ HTTP/1.1" 200 222
INFO 2026-04-28 22:02:24,249 basehttp 31392 33052 "GET /admin/export/ HTTP/1.1" 200 1997
INFO 2026-04-28 22:03:28,286 basehttp 31392 33052 "GET / HTTP/1.1" 302 0
INFO 2026-04-28 22:03:28,313 basehttp 31392 33052 "GET /dashboard/ HTTP/1.1" 302 0
INFO 2026-04-28 22:03:28,339 basehttp 31392 33052 "GET /admin-panel/ HTTP/1.1" 200 25634
INFO 2026-04-28 22:03:36,962 basehttp 31392 33052 "GET /admin/download/summary-pdf/ HTTP/1.1" 200 3400
INFO 2026-04-28 22:06:57,092 basehttp 31392 33052 "GET /preferences/ HTTP/1.1" 302 0
INFO 2026-04-28 22:06:57,106 basehttp 31392 33052 "GET / HTTP/1.1" 302 0
INFO 2026-04-28 22:06:57,124 basehttp 31392 33052 "GET /dashboard/ HTTP/1.1" 302 0
INFO 2026-04-28 22:06:57,156 basehttp 31392 33052 "GET /admin-panel/ HTTP/1.1" 200 25634
INFO 2026-04-28 22:06:58,825 basehttp 31392 33052 "GET /preferences/ HTTP/1.1" 302 0
INFO 2026-04-28 22:06:58,858 basehttp 31392 33052 "GET / HTTP/1.1" 302 0
INFO 2026-04-28 22:06:58,874 basehttp 31392 33052 "GET /dashboard/ HTTP/1.1" 302 0
INFO 2026-04-28 22:06:58,900 basehttp 31392 33052 "GET /admin-panel/ HTTP/1.1" 200 25634
INFO 2026-04-28 22:07:03,320 basehttp 31392 33052 "GET /preferences/ HTTP/1.1" 302 0
INFO 2026-04-28 22:07:03,330 basehttp 31392 33052 "GET / HTTP/1.1" 302 0
INFO 2026-04-28 22:07:03,340 basehttp 31392 33052 "GET /dashboard/ HTTP/1.1" 302 0
INFO 2026-04-28 22:07:03,380 basehttp 31392 33052 "GET /admin-panel/ HTTP/1.1" 200 25634
INFO 2026-04-28 22:07:05,246 basehttp 31392 33052 "GET /dashboard/ HTTP/1.1" 302 0
INFO 2026-04-28 22:07:05,297 basehttp 31392 33052 "GET /admin-panel/ HTTP/1.1" 200 25634
INFO 2026-04-28 22:07:06,947 basehttp 31392 33052 "GET /preferences/ HTTP/1.1" 302 0
INFO 2026-04-28 22:07:06,959 basehttp 31392 33052 "GET / HTTP/1.1" 302 0
INFO 2026-04-28 22:07:06,971 basehttp 31392 33052 "GET /dashboard/ HTTP/1.1" 302 0
INFO 2026-04-28 22:07:06,997 basehttp 31392 33052 "GET /admin-panel/ HTTP/1.1" 200 25634
INFO 2026-04-28 22:08:00,945 basehttp 31392 33052 "GET /admin/diagnostic/ HTTP/1.1" 200 11808
INFO 2026-04-28 22:08:13,002 basehttp 31392 33052 "GET /admin-panel/ HTTP/1.1" 200 25634
INFO 2026-04-28 22:08:14,799 basehttp 31392 33052 "GET /catalog/ HTTP/1.1" 200 67934
INFO 2026-04-28 22:08:14,860 basehttp 31392 33052 "GET /api/seats/?ids=5,6,12,1,2,3,4,7,8,9,10,15,13,14,11 HTTP/1.1" 200 786
INFO 2026-04-28 22:08:21,242 basehttp 31392 33052 "GET /courses/23ITT501/ HTTP/1.1" 200 9180
INFO 2026-04-28 22:08:21,287 basehttp 31392 33052 "GET /api/seats/13/ HTTP/1.1" 200 72
INFO 2026-04-28 22:08:25,929 basehttp 31392 33052 "GET /catalog/ HTTP/1.1" 200 67934
INFO 2026-04-28 22:08:25,961 basehttp 31392 33052 "GET /api/seats/?ids=5,6,12,1,2,3,4,7,8,9,10,15,13,14,11 HTTP/1.1" 200 786
INFO 2026-04-28 22:08:29,812 autoreload 18136 8640 C:\Users\Rakesh\Downloads\civiqo_elective_optin\elective_optin\manage.py changed, reloading.
INFO 2026-04-28 22:08:29,820 autoreload 30940 27964 C:\Users\Rakesh\Downloads\civiqo_elective_optin\elective_optin\manage.py changed, reloading.
INFO 2026-04-28 22:08:29,837 autoreload 31224 23184 C:\Users\Rakesh\Downloads\civiqo_elective_optin\elective_optin\manage.py changed, reloading.
INFO 2026-04-28 22:08:29,876 autoreload 31392 29964 C:\Users\Rakesh\Downloads\civiqo_elective_optin\elective_optin\manage.py changed, reloading.
INFO 2026-04-28 22:15:49,961 autoreload 27480 4744 Watching for file changes with StatReloader
INFO 2026-04-28 22:16:28,202 basehttp 27480 30260 "GET / HTTP/1.1" 302 0
INFO 2026-04-28 22:16:28,213 basehttp 27480 30260 "GET /dashboard/ HTTP/1.1" 302 0
INFO 2026-04-28 22:16:28,248 basehttp 27480 30260 "GET /admin-panel/ HTTP/1.1" 200 25634
INFO 2026-04-28 22:16:28,307 basehttp 27480 30260 "GET /static/css/styles.css HTTP/1.1" 304 0
INFO 2026-04-28 22:18:23,742 basehttp 27480 30260 "GET /admin/csv-upload/ HTTP/1.1" 200 16520
INFO 2026-04-28 22:18:26,342 basehttp 27480 30260 "GET /admin/export/ HTTP/1.1" 200 1997
INFO 2026-04-28 22:18:28,316 basehttp 27480 30260 "GET /admin/diagnostic/ HTTP/1.1" 200 11808
INFO 2026-04-28 22:18:34,713 basehttp 27480 30260 "GET / HTTP/1.1" 302 0
INFO 2026-04-28 22:18:34,734 basehttp 27480 30260 "GET /dashboard/ HTTP/1.1" 302 0
INFO 2026-04-28 22:18:34,761 basehttp 27480 30260 "GET /admin-panel/ HTTP/1.1" 200 25634
INFO 2026-04-28 22:18:35,913 basehttp 27480 30260 "GET /catalog/ HTTP/1.1" 200 67934
INFO 2026-04-28 22:18:35,953 basehttp 27480 30260 "GET /api/seats/?ids=5,6,12,1,2,3,4,7,8,9,10,15,13,14,11 HTTP/1.1" 200 786
INFO 2026-04-28 22:18:39,116 basehttp 27480 30260 "GET /courses/23AIT501/ HTTP/1.1" 200 9319
INFO 2026-04-28 22:18:39,141 basehttp 27480 30260 "GET /api/seats/5/ HTTP/1.1" 200 73
INFO 2026-04-28 22:18:42,285 basehttp 27480 30260 "GET /logout/ HTTP/1.1" 302 0
INFO 2026-04-28 22:18:42,319 basehttp 27480 30260 "GET / HTTP/1.1" 200 22483
INFO 2026-04-28 22:18:46,075 basehttp 27480 30260 "GET /login/ HTTP/1.1" 200 4314
INFO 2026-04-28 22:18:59,317 basehttp 27480 30260 "POST /login/ HTTP/1.1" 302 0
INFO 2026-04-28 22:18:59,345 basehttp 27480 30260 "GET /dashboard/ HTTP/1.1" 200 16985
ERROR 2026-04-28 22:19:30,631 log 27480 30260 Internal Server Error: /preferences/
Traceback (most recent call last):
  File "C:\Users\Rakesh\AppData\Local\Programs\Python\Python313\Lib\site-packages\django\template\base.py", line 505, in parse
    compile_func = self.tags[command]
                   ~~~~~~~~~^^^^^^^^^
KeyError: 'else'

During handling of the above exception, another exception occurred:

Traceback (most recent call last):
  File "C:\Users\Rakesh\AppData\Local\Programs\Python\Python313\Lib\site-packages\django\core\handlers\exception.py", line 55, in inner
    response = get_response(request)
  File "C:\Users\Rakesh\AppData\Local\Programs\Python\Python313\Lib\site-packages\django\core\handlers\base.py", line 197, in _get_response
    response = wrapped_callback(request, *callback_args, **callback_kwargs)
  File "C:\Users\Rakesh\AppData\Local\Programs\Python\Python313\Lib\site-packages\django\contrib\auth\decorators.py", line 23, in _wrapper_view
    return view_func(request, *args, **kwargs)
  File "C:\Users\Rakesh\Downloads\civiqo_elective_optin\elective_optin\electives\views.py", line 181, in my_preferences
    return render(request, 'electives/preferences.html', {'student': student, 'prefs': prefs})
  File "C:\Users\Rakesh\AppData\Local\Programs\Python\Python313\Lib\site-packages\django\shortcuts.py", line 24, in render
    content = loader.render_to_string(template_name, context, request, using=using)
  File "C:\Users\Rakesh\AppData\Local\Programs\Python\Python313\Lib\site-packages\django\template\loader.py", line 62, in render_to_string
    return template.render(context, request)
           ~~~~~~~~~~~~~~~^^^^^^^^^^^^^^^^^^
  File "C:\Users\Rakesh\AppData\Local\Programs\Python\Python313\Lib\site-packages\django\template\backends\django.py", line 61, in render
    return self.template.render(context)
           ~~~~~~~~~~~~~~~~~~~~^^^^^^^^^
  File "C:\Users\Rakesh\AppData\Local\Programs\Python\Python313\Lib\site-packages\django\template\base.py", line 175, in render
    return self._render(context)
           ~~~~~~~~~~~~^^^^^^^^^
  File "C:\Users\Rakesh\AppData\Local\Programs\Python\Python313\Lib\site-packages\django\template\base.py", line 167, in _render
    return self.nodelist.render(context)
           ~~~~~~~~~~~~~~~~~~~~^^^^^^^^^
  File "C:\Users\Rakesh\AppData\Local\Programs\Python\Python313\Lib\site-packages\django\template\base.py", line 1005, in render
    return SafeString("".join([node.render_annotated(context) for node in self]))
                               ~~~~~~~~~~~~~~~~~~~~~^^^^^^^^^
  File "C:\Users\Rakesh\AppData\Local\Programs\Python\Python313\Lib\site-packages\django\template\base.py", line 966, in render_annotated
    return self.render(context)
           ~~~~~~~~~~~^^^^^^^^^
  File "C:\Users\Rakesh\AppData\Local\Programs\Python\Python313\Lib\site-packages\django\template\loader_tags.py", line 132, in render
    compiled_parent = self.get_parent(context)
  File "C:\Users\Rakesh\AppData\Local\Programs\Python\Python313\Lib\site-packages\django\template\loader_tags.py", line 129, in get_parent
    return self.find_template(parent, context)
           ~~~~~~~~~~~~~~~~~~^^^^^^^^^^^^^^^^^
  File "C:\Users\Rakesh\AppData\Local\Programs\Python\Python313\Lib\site-packages\django\template\loader_tags.py", line 107, in find_template
    template, origin = context.template.engine.find_template(
                       ~~~~~~~~~~~~~~~~~~~~~~~~~~~~~~~~~~~~~^
        template_name,
        ^^^^^^^^^^^^^^
        skip=history,
        ^^^^^^^^^^^^^
    )
    ^
  File "C:\Users\Rakesh\AppData\Local\Programs\Python\Python313\Lib\site-packages\django\template\engine.py", line 157, in find_template
    template = loader.get_template(name, skip=skip)
  File "C:\Users\Rakesh\AppData\Local\Programs\Python\Python313\Lib\site-packages\django\template\loaders\cached.py", line 57, in get_template
    template = super().get_template(template_name, skip)
  File "C:\Users\Rakesh\AppData\Local\Programs\Python\Python313\Lib\site-packages\django\template\loaders\base.py", line 28, in get_template
    return Template(
        contents,
    ...<2 lines>...
        self.engine,
    )
  File "C:\Users\Rakesh\AppData\Local\Programs\Python\Python313\Lib\site-packages\django\template\base.py", line 154, in __init__
    self.nodelist = self.compile_nodelist()
                    ~~~~~~~~~~~~~~~~~~~~~^^
  File "C:\Users\Rakesh\AppData\Local\Programs\Python\Python313\Lib\site-packages\django\template\base.py", line 200, in compile_nodelist
    return parser.parse()
           ~~~~~~~~~~~~^^
  File "C:\Users\Rakesh\AppData\Local\Programs\Python\Python313\Lib\site-packages\django\template\base.py", line 507, in parse
    self.invalid_block_tag(token, command, parse_until)
    ~~~~~~~~~~~~~~~~~~~~~~^^^^^^^^^^^^^^^^^^^^^^^^^^^^^
  File "C:\Users\Rakesh\AppData\Local\Programs\Python\Python313\Lib\site-packages\django\template\base.py", line 568, in invalid_block_tag
    raise self.error(
    ...<3 lines>...
    )
django.template.exceptions.TemplateSyntaxError: Invalid block tag on line 124: 'else'. Did you forget to register or load this tag?
ERROR 2026-04-28 22:19:30,640 basehttp 27480 30260 "GET /preferences/ HTTP/1.1" 500 190497
ERROR 2026-04-28 22:19:34,653 log 27480 30260 Internal Server Error: /preferences/
Traceback (most recent call last):
  File "C:\Users\Rakesh\AppData\Local\Programs\Python\Python313\Lib\site-packages\django\template\base.py", line 505, in parse
    compile_func = self.tags[command]
                   ~~~~~~~~~^^^^^^^^^
KeyError: 'else'

During handling of the above exception, another exception occurred:

Traceback (most recent call last):
  File "C:\Users\Rakesh\AppData\Local\Programs\Python\Python313\Lib\site-packages\django\core\handlers\exception.py", line 55, in inner
    response = get_response(request)
  File "C:\Users\Rakesh\AppData\Local\Programs\Python\Python313\Lib\site-packages\django\core\handlers\base.py", line 197, in _get_response
    response = wrapped_callback(request, *callback_args, **callback_kwargs)
  File "C:\Users\Rakesh\AppData\Local\Programs\Python\Python313\Lib\site-packages\django\contrib\auth\decorators.py", line 23, in _wrapper_view
    return view_func(request, *args, **kwargs)
  File "C:\Users\Rakesh\Downloads\civiqo_elective_optin\elective_optin\electives\views.py", line 181, in my_preferences
    return render(request, 'electives/preferences.html', {'student': student, 'prefs': prefs})
  File "C:\Users\Rakesh\AppData\Local\Programs\Python\Python313\Lib\site-packages\django\shortcuts.py", line 24, in render
    content = loader.render_to_string(template_name, context, request, using=using)
  File "C:\Users\Rakesh\AppData\Local\Programs\Python\Python313\Lib\site-packages\django\template\loader.py", line 62, in render_to_string
    return template.render(context, request)
           ~~~~~~~~~~~~~~~^^^^^^^^^^^^^^^^^^
  File "C:\Users\Rakesh\AppData\Local\Programs\Python\Python313\Lib\site-packages\django\template\backends\django.py", line 61, in render
    return self.template.render(context)
           ~~~~~~~~~~~~~~~~~~~~^^^^^^^^^
  File "C:\Users\Rakesh\AppData\Local\Programs\Python\Python313\Lib\site-packages\django\template\base.py", line 175, in render
    return self._render(context)
           ~~~~~~~~~~~~^^^^^^^^^
  File "C:\Users\Rakesh\AppData\Local\Programs\Python\Python313\Lib\site-packages\django\template\base.py", line 167, in _render
    return self.nodelist.render(context)
           ~~~~~~~~~~~~~~~~~~~~^^^^^^^^^
  File "C:\Users\Rakesh\AppData\Local\Programs\Python\Python313\Lib\site-packages\django\template\base.py", line 1005, in render
    return SafeString("".join([node.render_annotated(context) for node in self]))
                               ~~~~~~~~~~~~~~~~~~~~~^^^^^^^^^
  File "C:\Users\Rakesh\AppData\Local\Programs\Python\Python313\Lib\site-packages\django\template\base.py", line 966, in render_annotated
    return self.render(context)
           ~~~~~~~~~~~^^^^^^^^^
  File "C:\Users\Rakesh\AppData\Local\Programs\Python\Python313\Lib\site-packages\django\template\loader_tags.py", line 132, in render
    compiled_parent = self.get_parent(context)
  File "C:\Users\Rakesh\AppData\Local\Programs\Python\Python313\Lib\site-packages\django\template\loader_tags.py", line 129, in get_parent
    return self.find_template(parent, context)
           ~~~~~~~~~~~~~~~~~~^^^^^^^^^^^^^^^^^
  File "C:\Users\Rakesh\AppData\Local\Programs\Python\Python313\Lib\site-packages\django\template\loader_tags.py", line 107, in find_template
    template, origin = context.template.engine.find_template(
                       ~~~~~~~~~~~~~~~~~~~~~~~~~~~~~~~~~~~~~^
        template_name,
        ^^^^^^^^^^^^^^
        skip=history,
        ^^^^^^^^^^^^^
    )
    ^
  File "C:\Users\Rakesh\AppData\Local\Programs\Python\Python313\Lib\site-packages\django\template\engine.py", line 157, in find_template
    template = loader.get_template(name, skip=skip)
  File "C:\Users\Rakesh\AppData\Local\Programs\Python\Python313\Lib\site-packages\django\template\loaders\cached.py", line 57, in get_template
    template = super().get_template(template_name, skip)
  File "C:\Users\Rakesh\AppData\Local\Programs\Python\Python313\Lib\site-packages\django\template\loaders\base.py", line 28, in get_template
    return Template(
        contents,
    ...<2 lines>...
        self.engine,
    )
  File "C:\Users\Rakesh\AppData\Local\Programs\Python\Python313\Lib\site-packages\django\template\base.py", line 154, in __init__
    self.nodelist = self.compile_nodelist()
                    ~~~~~~~~~~~~~~~~~~~~~^^
  File "C:\Users\Rakesh\AppData\Local\Programs\Python\Python313\Lib\site-packages\django\template\base.py", line 200, in compile_nodelist
    return parser.parse()
           ~~~~~~~~~~~~^^
  File "C:\Users\Rakesh\AppData\Local\Programs\Python\Python313\Lib\site-packages\django\template\base.py", line 507, in parse
    self.invalid_block_tag(token, command, parse_until)
    ~~~~~~~~~~~~~~~~~~~~~~^^^^^^^^^^^^^^^^^^^^^^^^^^^^^
  File "C:\Users\Rakesh\AppData\Local\Programs\Python\Python313\Lib\site-packages\django\template\base.py", line 568, in invalid_block_tag
    raise self.error(
    ...<3 lines>...
    )
django.template.exceptions.TemplateSyntaxError: Invalid block tag on line 124: 'else'. Did you forget to register or load this tag?
ERROR 2026-04-28 22:19:34,661 basehttp 27480 30260 "GET /preferences/ HTTP/1.1" 500 190497
ERROR 2026-04-28 22:19:37,587 log 27480 30260 Internal Server Error: /preferences/
Traceback (most recent call last):
  File "C:\Users\Rakesh\AppData\Local\Programs\Python\Python313\Lib\site-packages\django\template\base.py", line 505, in parse
    compile_func = self.tags[command]
                   ~~~~~~~~~^^^^^^^^^
KeyError: 'else'

During handling of the above exception, another exception occurred:

Traceback (most recent call last):
  File "C:\Users\Rakesh\AppData\Local\Programs\Python\Python313\Lib\site-packages\django\core\handlers\exception.py", line 55, in inner
    response = get_response(request)
  File "C:\Users\Rakesh\AppData\Local\Programs\Python\Python313\Lib\site-packages\django\core\handlers\base.py", line 197, in _get_response
    response = wrapped_callback(request, *callback_args, **callback_kwargs)
  File "C:\Users\Rakesh\AppData\Local\Programs\Python\Python313\Lib\site-packages\django\contrib\auth\decorators.py", line 23, in _wrapper_view
    return view_func(request, *args, **kwargs)
  File "C:\Users\Rakesh\Downloads\civiqo_elective_optin\elective_optin\electives\views.py", line 181, in my_preferences
    return render(request, 'electives/preferences.html', {'student': student, 'prefs': prefs})
  File "C:\Users\Rakesh\AppData\Local\Programs\Python\Python313\Lib\site-packages\django\shortcuts.py", line 24, in render
    content = loader.render_to_string(template_name, context, request, using=using)
  File "C:\Users\Rakesh\AppData\Local\Programs\Python\Python313\Lib\site-packages\django\template\loader.py", line 62, in render_to_string
    return template.render(context, request)
           ~~~~~~~~~~~~~~~^^^^^^^^^^^^^^^^^^
  File "C:\Users\Rakesh\AppData\Local\Programs\Python\Python313\Lib\site-packages\django\template\backends\django.py", line 61, in render
    return self.template.render(context)
           ~~~~~~~~~~~~~~~~~~~~^^^^^^^^^
  File "C:\Users\Rakesh\AppData\Local\Programs\Python\Python313\Lib\site-packages\django\template\base.py", line 175, in render
    return self._render(context)
           ~~~~~~~~~~~~^^^^^^^^^
  File "C:\Users\Rakesh\AppData\Local\Programs\Python\Python313\Lib\site-packages\django\template\base.py", line 167, in _render
    return self.nodelist.render(context)
           ~~~~~~~~~~~~~~~~~~~~^^^^^^^^^
  File "C:\Users\Rakesh\AppData\Local\Programs\Python\Python313\Lib\site-packages\django\template\base.py", line 1005, in render
    return SafeString("".join([node.render_annotated(context) for node in self]))
                               ~~~~~~~~~~~~~~~~~~~~~^^^^^^^^^
  File "C:\Users\Rakesh\AppData\Local\Programs\Python\Python313\Lib\site-packages\django\template\base.py", line 966, in render_annotated
    return self.render(context)
           ~~~~~~~~~~~^^^^^^^^^
  File "C:\Users\Rakesh\AppData\Local\Programs\Python\Python313\Lib\site-packages\django\template\loader_tags.py", line 132, in render
    compiled_parent = self.get_parent(context)
  File "C:\Users\Rakesh\AppData\Local\Programs\Python\Python313\Lib\site-packages\django\template\loader_tags.py", line 129, in get_parent
    return self.find_template(parent, context)
           ~~~~~~~~~~~~~~~~~~^^^^^^^^^^^^^^^^^
  File "C:\Users\Rakesh\AppData\Local\Programs\Python\Python313\Lib\site-packages\django\template\loader_tags.py", line 107, in find_template
    template, origin = context.template.engine.find_template(
                       ~~~~~~~~~~~~~~~~~~~~~~~~~~~~~~~~~~~~~^
        template_name,
        ^^^^^^^^^^^^^^
        skip=history,
        ^^^^^^^^^^^^^
    )
    ^
  File "C:\Users\Rakesh\AppData\Local\Programs\Python\Python313\Lib\site-packages\django\template\engine.py", line 157, in find_template
    template = loader.get_template(name, skip=skip)
  File "C:\Users\Rakesh\AppData\Local\Programs\Python\Python313\Lib\site-packages\django\template\loaders\cached.py", line 57, in get_template
    template = super().get_template(template_name, skip)
  File "C:\Users\Rakesh\AppData\Local\Programs\Python\Python313\Lib\site-packages\django\template\loaders\base.py", line 28, in get_template
    return Template(
        contents,
    ...<2 lines>...
        self.engine,
    )
  File "C:\Users\Rakesh\AppData\Local\Programs\Python\Python313\Lib\site-packages\django\template\base.py", line 154, in __init__
    self.nodelist = self.compile_nodelist()
                    ~~~~~~~~~~~~~~~~~~~~~^^
  File "C:\Users\Rakesh\AppData\Local\Programs\Python\Python313\Lib\site-packages\django\template\base.py", line 200, in compile_nodelist
    return parser.parse()
           ~~~~~~~~~~~~^^
  File "C:\Users\Rakesh\AppData\Local\Programs\Python\Python313\Lib\site-packages\django\template\base.py", line 507, in parse
    self.invalid_block_tag(token, command, parse_until)
    ~~~~~~~~~~~~~~~~~~~~~~^^^^^^^^^^^^^^^^^^^^^^^^^^^^^
  File "C:\Users\Rakesh\AppData\Local\Programs\Python\Python313\Lib\site-packages\django\template\base.py", line 568, in invalid_block_tag
    raise self.error(
    ...<3 lines>...
    )
django.template.exceptions.TemplateSyntaxError: Invalid block tag on line 124: 'else'. Did you forget to register or load this tag?
ERROR 2026-04-28 22:19:37,599 basehttp 27480 30260 "GET /preferences/ HTTP/1.1" 500 190497
INFO 2026-04-28 22:19:52,430 basehttp 27480 30260 "GET /download/allocation-pdf/ HTTP/1.1" 200 2644
ERROR 2026-04-28 22:20:17,970 log 27480 30260 Internal Server Error: /catalog/
Traceback (most recent call last):
  File "C:\Users\Rakesh\AppData\Local\Programs\Python\Python313\Lib\site-packages\django\template\base.py", line 505, in parse
    compile_func = self.tags[command]
                   ~~~~~~~~~^^^^^^^^^
KeyError: 'else'

During handling of the above exception, another exception occurred:

Traceback (most recent call last):
  File "C:\Users\Rakesh\AppData\Local\Programs\Python\Python313\Lib\site-packages\django\core\handlers\exception.py", line 55, in inner
    response = get_response(request)
  File "C:\Users\Rakesh\AppData\Local\Programs\Python\Python313\Lib\site-packages\django\core\handlers\base.py", line 197, in _get_response
    response = wrapped_callback(request, *callback_args, **callback_kwargs)
  File "C:\Users\Rakesh\Downloads\civiqo_elective_optin\elective_optin\electives\views.py", line 79, in catalog
    return render(request, 'electives/catalog.html', {
        'courses': qs, 'form': form,
        'departments': depts, 'my_pref_ids': my_pref_ids,
    })
  File "C:\Users\Rakesh\AppData\Local\Programs\Python\Python313\Lib\site-packages\django\shortcuts.py", line 24, in render
    content = loader.render_to_string(template_name, context, request, using=using)
  File "C:\Users\Rakesh\AppData\Local\Programs\Python\Python313\Lib\site-packages\django\template\loader.py", line 62, in render_to_string
    return template.render(context, request)
           ~~~~~~~~~~~~~~~^^^^^^^^^^^^^^^^^^
  File "C:\Users\Rakesh\AppData\Local\Programs\Python\Python313\Lib\site-packages\django\template\backends\django.py", line 61, in render
    return self.template.render(context)
           ~~~~~~~~~~~~~~~~~~~~^^^^^^^^^
  File "C:\Users\Rakesh\AppData\Local\Programs\Python\Python313\Lib\site-packages\django\template\base.py", line 175, in render
    return self._render(context)
           ~~~~~~~~~~~~^^^^^^^^^
  File "C:\Users\Rakesh\AppData\Local\Programs\Python\Python313\Lib\site-packages\django\template\base.py", line 167, in _render
    return self.nodelist.render(context)
           ~~~~~~~~~~~~~~~~~~~~^^^^^^^^^
  File "C:\Users\Rakesh\AppData\Local\Programs\Python\Python313\Lib\site-packages\django\template\base.py", line 1005, in render
    return SafeString("".join([node.render_annotated(context) for node in self]))
                               ~~~~~~~~~~~~~~~~~~~~~^^^^^^^^^
  File "C:\Users\Rakesh\AppData\Local\Programs\Python\Python313\Lib\site-packages\django\template\base.py", line 966, in render_annotated
    return self.render(context)
           ~~~~~~~~~~~^^^^^^^^^
  File "C:\Users\Rakesh\AppData\Local\Programs\Python\Python313\Lib\site-packages\django\template\loader_tags.py", line 132, in render
    compiled_parent = self.get_parent(context)
  File "C:\Users\Rakesh\AppData\Local\Programs\Python\Python313\Lib\site-packages\django\template\loader_tags.py", line 129, in get_parent
    return self.find_template(parent, context)
           ~~~~~~~~~~~~~~~~~~^^^^^^^^^^^^^^^^^
  File "C:\Users\Rakesh\AppData\Local\Programs\Python\Python313\Lib\site-packages\django\template\loader_tags.py", line 107, in find_template
    template, origin = context.template.engine.find_template(
                       ~~~~~~~~~~~~~~~~~~~~~~~~~~~~~~~~~~~~~^
        template_name,
        ^^^^^^^^^^^^^^
        skip=history,
        ^^^^^^^^^^^^^
    )
    ^
  File "C:\Users\Rakesh\AppData\Local\Programs\Python\Python313\Lib\site-packages\django\template\engine.py", line 157, in find_template
    template = loader.get_template(name, skip=skip)
  File "C:\Users\Rakesh\AppData\Local\Programs\Python\Python313\Lib\site-packages\django\template\loaders\cached.py", line 57, in get_template
    template = super().get_template(template_name, skip)
  File "C:\Users\Rakesh\AppData\Local\Programs\Python\Python313\Lib\site-packages\django\template\loaders\base.py", line 28, in get_template
    return Template(
        contents,
    ...<2 lines>...
        self.engine,
    )
  File "C:\Users\Rakesh\AppData\Local\Programs\Python\Python313\Lib\site-packages\django\template\base.py", line 154, in __init__
    self.nodelist = self.compile_nodelist()
                    ~~~~~~~~~~~~~~~~~~~~~^^
  File "C:\Users\Rakesh\AppData\Local\Programs\Python\Python313\Lib\site-packages\django\template\base.py", line 200, in compile_nodelist
    return parser.parse()
           ~~~~~~~~~~~~^^
  File "C:\Users\Rakesh\AppData\Local\Programs\Python\Python313\Lib\site-packages\django\template\base.py", line 507, in parse
    self.invalid_block_tag(token, command, parse_until)
    ~~~~~~~~~~~~~~~~~~~~~~^^^^^^^^^^^^^^^^^^^^^^^^^^^^^
  File "C:\Users\Rakesh\AppData\Local\Programs\Python\Python313\Lib\site-packages\django\template\base.py", line 568, in invalid_block_tag
    raise self.error(
    ...<3 lines>...
    )
django.template.exceptions.TemplateSyntaxError: Invalid block tag on line 124: 'else'. Did you forget to register or load this tag?
ERROR 2026-04-28 22:20:17,977 basehttp 27480 30260 "GET /catalog/ HTTP/1.1" 500 197392
ERROR 2026-04-28 22:22:59,658 log 27480 30260 Internal Server Error: /preferences/
Traceback (most recent call last):
  File "C:\Users\Rakesh\AppData\Local\Programs\Python\Python313\Lib\site-packages\django\template\base.py", line 505, in parse
    compile_func = self.tags[command]
                   ~~~~~~~~~^^^^^^^^^
KeyError: 'else'

During handling of the above exception, another exception occurred:

Traceback (most recent call last):
  File "C:\Users\Rakesh\AppData\Local\Programs\Python\Python313\Lib\site-packages\django\core\handlers\exception.py", line 55, in inner
    response = get_response(request)
  File "C:\Users\Rakesh\AppData\Local\Programs\Python\Python313\Lib\site-packages\django\core\handlers\base.py", line 197, in _get_response
    response = wrapped_callback(request, *callback_args, **callback_kwargs)
  File "C:\Users\Rakesh\AppData\Local\Programs\Python\Python313\Lib\site-packages\django\contrib\auth\decorators.py", line 23, in _wrapper_view
    return view_func(request, *args, **kwargs)
  File "C:\Users\Rakesh\Downloads\civiqo_elective_optin\elective_optin\electives\views.py", line 181, in my_preferences
    return render(request, 'electives/preferences.html', {'student': student, 'prefs': prefs})
  File "C:\Users\Rakesh\AppData\Local\Programs\Python\Python313\Lib\site-packages\django\shortcuts.py", line 24, in render
    content = loader.render_to_string(template_name, context, request, using=using)
  File "C:\Users\Rakesh\AppData\Local\Programs\Python\Python313\Lib\site-packages\django\template\loader.py", line 62, in render_to_string
    return template.render(context, request)
           ~~~~~~~~~~~~~~~^^^^^^^^^^^^^^^^^^
  File "C:\Users\Rakesh\AppData\Local\Programs\Python\Python313\Lib\site-packages\django\template\backends\django.py", line 61, in render
    return self.template.render(context)
           ~~~~~~~~~~~~~~~~~~~~^^^^^^^^^
  File "C:\Users\Rakesh\AppData\Local\Programs\Python\Python313\Lib\site-packages\django\template\base.py", line 175, in render
    return self._render(context)
           ~~~~~~~~~~~~^^^^^^^^^
  File "C:\Users\Rakesh\AppData\Local\Programs\Python\Python313\Lib\site-packages\django\template\base.py", line 167, in _render
    return self.nodelist.render(context)
           ~~~~~~~~~~~~~~~~~~~~^^^^^^^^^
  File "C:\Users\Rakesh\AppData\Local\Programs\Python\Python313\Lib\site-packages\django\template\base.py", line 1005, in render
    return SafeString("".join([node.render_annotated(context) for node in self]))
                               ~~~~~~~~~~~~~~~~~~~~~^^^^^^^^^
  File "C:\Users\Rakesh\AppData\Local\Programs\Python\Python313\Lib\site-packages\django\template\base.py", line 966, in render_annotated
    return self.render(context)
           ~~~~~~~~~~~^^^^^^^^^
  File "C:\Users\Rakesh\AppData\Local\Programs\Python\Python313\Lib\site-packages\django\template\loader_tags.py", line 132, in render
    compiled_parent = self.get_parent(context)
  File "C:\Users\Rakesh\AppData\Local\Programs\Python\Python313\Lib\site-packages\django\template\loader_tags.py", line 129, in get_parent
    return self.find_template(parent, context)
           ~~~~~~~~~~~~~~~~~~^^^^^^^^^^^^^^^^^
  File "C:\Users\Rakesh\AppData\Local\Programs\Python\Python313\Lib\site-packages\django\template\loader_tags.py", line 107, in find_template
    template, origin = context.template.engine.find_template(
                       ~~~~~~~~~~~~~~~~~~~~~~~~~~~~~~~~~~~~~^
        template_name,
        ^^^^^^^^^^^^^^
        skip=history,
        ^^^^^^^^^^^^^
    )
    ^
  File "C:\Users\Rakesh\AppData\Local\Programs\Python\Python313\Lib\site-packages\django\template\engine.py", line 157, in find_template
    template = loader.get_template(name, skip=skip)
  File "C:\Users\Rakesh\AppData\Local\Programs\Python\Python313\Lib\site-packages\django\template\loaders\cached.py", line 57, in get_template
    template = super().get_template(template_name, skip)
  File "C:\Users\Rakesh\AppData\Local\Programs\Python\Python313\Lib\site-packages\django\template\loaders\base.py", line 28, in get_template
    return Template(
        contents,
    ...<2 lines>...
        self.engine,
    )
  File "C:\Users\Rakesh\AppData\Local\Programs\Python\Python313\Lib\site-packages\django\template\base.py", line 154, in __init__
    self.nodelist = self.compile_nodelist()
                    ~~~~~~~~~~~~~~~~~~~~~^^
  File "C:\Users\Rakesh\AppData\Local\Programs\Python\Python313\Lib\site-packages\django\template\base.py", line 200, in compile_nodelist
    return parser.parse()
           ~~~~~~~~~~~~^^
  File "C:\Users\Rakesh\AppData\Local\Programs\Python\Python313\Lib\site-packages\django\template\base.py", line 507, in parse
    self.invalid_block_tag(token, command, parse_until)
    ~~~~~~~~~~~~~~~~~~~~~~^^^^^^^^^^^^^^^^^^^^^^^^^^^^^
  File "C:\Users\Rakesh\AppData\Local\Programs\Python\Python313\Lib\site-packages\django\template\base.py", line 568, in invalid_block_tag
    raise self.error(
    ...<3 lines>...
    )
django.template.exceptions.TemplateSyntaxError: Invalid block tag on line 130: 'else'. Did you forget to register or load this tag?
ERROR 2026-04-28 22:22:59,666 basehttp 27480 30260 "GET /preferences/ HTTP/1.1" 500 190569
INFO 2026-04-28 22:25:33,289 autoreload 27480 4744 C:\Users\Rakesh\Downloads\civiqo_elective_optin\elective_optin\electives\utils.py changed, reloading.
INFO 2026-04-28 22:25:34,066 autoreload 32040 31752 Watching for file changes with StatReloader
INFO 2026-04-28 22:26:38,165 autoreload 32040 31752 C:\Users\Rakesh\Downloads\civiqo_elective_optin\elective_optin\electives\views.py changed, reloading.
INFO 2026-04-28 22:26:38,581 autoreload 24816 34664 Watching for file changes with StatReloader
ERROR 2026-04-28 22:30:44,025 log 24816 27076 Internal Server Error: /preferences/
Traceback (most recent call last):
  File "C:\Users\Rakesh\AppData\Local\Programs\Python\Python313\Lib\site-packages\django\template\base.py", line 505, in parse
    compile_func = self.tags[command]
                   ~~~~~~~~~^^^^^^^^^
KeyError: 'else'

During handling of the above exception, another exception occurred:

Traceback (most recent call last):
  File "C:\Users\Rakesh\AppData\Local\Programs\Python\Python313\Lib\site-packages\django\core\handlers\exception.py", line 55, in inner
    response = get_response(request)
  File "C:\Users\Rakesh\AppData\Local\Programs\Python\Python313\Lib\site-packages\django\core\handlers\base.py", line 197, in _get_response
    response = wrapped_callback(request, *callback_args, **callback_kwargs)
  File "C:\Users\Rakesh\AppData\Local\Programs\Python\Python313\Lib\site-packages\django\contrib\auth\decorators.py", line 23, in _wrapper_view
    return view_func(request, *args, **kwargs)
  File "C:\Users\Rakesh\Downloads\civiqo_elective_optin\elective_optin\electives\views.py", line 187, in my_preferences
    return render(request, 'electives/preferences.html', {'student': student, 'prefs': prefs})
  File "C:\Users\Rakesh\AppData\Local\Programs\Python\Python313\Lib\site-packages\django\shortcuts.py", line 24, in render
    content = loader.render_to_string(template_name, context, request, using=using)
  File "C:\Users\Rakesh\AppData\Local\Programs\Python\Python313\Lib\site-packages\django\template\loader.py", line 62, in render_to_string
    return template.render(context, request)
           ~~~~~~~~~~~~~~~^^^^^^^^^^^^^^^^^^
  File "C:\Users\Rakesh\AppData\Local\Programs\Python\Python313\Lib\site-packages\django\template\backends\django.py", line 61, in render
    return self.template.render(context)
           ~~~~~~~~~~~~~~~~~~~~^^^^^^^^^
  File "C:\Users\Rakesh\AppData\Local\Programs\Python\Python313\Lib\site-packages\django\template\base.py", line 175, in render
    return self._render(context)
           ~~~~~~~~~~~~^^^^^^^^^
  File "C:\Users\Rakesh\AppData\Local\Programs\Python\Python313\Lib\site-packages\django\template\base.py", line 167, in _render
    return self.nodelist.render(context)
           ~~~~~~~~~~~~~~~~~~~~^^^^^^^^^
  File "C:\Users\Rakesh\AppData\Local\Programs\Python\Python313\Lib\site-packages\django\template\base.py", line 1005, in render
    return SafeString("".join([node.render_annotated(context) for node in self]))
                               ~~~~~~~~~~~~~~~~~~~~~^^^^^^^^^
  File "C:\Users\Rakesh\AppData\Local\Programs\Python\Python313\Lib\site-packages\django\template\base.py", line 966, in render_annotated
    return self.render(context)
           ~~~~~~~~~~~^^^^^^^^^
  File "C:\Users\Rakesh\AppData\Local\Programs\Python\Python313\Lib\site-packages\django\template\loader_tags.py", line 132, in render
    compiled_parent = self.get_parent(context)
  File "C:\Users\Rakesh\AppData\Local\Programs\Python\Python313\Lib\site-packages\django\template\loader_tags.py", line 129, in get_parent
    return self.find_template(parent, context)
           ~~~~~~~~~~~~~~~~~~^^^^^^^^^^^^^^^^^
  File "C:\Users\Rakesh\AppData\Local\Programs\Python\Python313\Lib\site-packages\django\template\loader_tags.py", line 107, in find_template
    template, origin = context.template.engine.find_template(
                       ~~~~~~~~~~~~~~~~~~~~~~~~~~~~~~~~~~~~~^
        template_name,
        ^^^^^^^^^^^^^^
        skip=history,
        ^^^^^^^^^^^^^
    )
    ^
  File "C:\Users\Rakesh\AppData\Local\Programs\Python\Python313\Lib\site-packages\django\template\engine.py", line 157, in find_template
    template = loader.get_template(name, skip=skip)
  File "C:\Users\Rakesh\AppData\Local\Programs\Python\Python313\Lib\site-packages\django\template\loaders\cached.py", line 57, in get_template
    template = super().get_template(template_name, skip)
  File "C:\Users\Rakesh\AppData\Local\Programs\Python\Python313\Lib\site-packages\django\template\loaders\base.py", line 28, in get_template
    return Template(
        contents,
    ...<2 lines>...
        self.engine,
    )
  File "C:\Users\Rakesh\AppData\Local\Programs\Python\Python313\Lib\site-packages\django\template\base.py", line 154, in __init__
    self.nodelist = self.compile_nodelist()
                    ~~~~~~~~~~~~~~~~~~~~~^^
  File "C:\Users\Rakesh\AppData\Local\Programs\Python\Python313\Lib\site-packages\django\template\base.py", line 200, in compile_nodelist
    return parser.parse()
           ~~~~~~~~~~~~^^
  File "C:\Users\Rakesh\AppData\Local\Programs\Python\Python313\Lib\site-packages\django\template\base.py", line 507, in parse
    self.invalid_block_tag(token, command, parse_until)
    ~~~~~~~~~~~~~~~~~~~~~~^^^^^^^^^^^^^^^^^^^^^^^^^^^^^
  File "C:\Users\Rakesh\AppData\Local\Programs\Python\Python313\Lib\site-packages\django\template\base.py", line 568, in invalid_block_tag
    raise self.error(
    ...<3 lines>...
    )
django.template.exceptions.TemplateSyntaxError: Invalid block tag on line 130: 'else'. Did you forget to register or load this tag?
ERROR 2026-04-28 22:30:44,035 basehttp 24816 27076 "GET /preferences/ HTTP/1.1" 500 190569
ERROR 2026-04-28 22:30:51,602 log 24816 27076 Internal Server Error: /dashboard/
Traceback (most recent call last):
  File "C:\Users\Rakesh\AppData\Local\Programs\Python\Python313\Lib\site-packages\django\template\base.py", line 505, in parse
    compile_func = self.tags[command]
                   ~~~~~~~~~^^^^^^^^^
KeyError: 'else'

During handling of the above exception, another exception occurred:

Traceback (most recent call last):
  File "C:\Users\Rakesh\AppData\Local\Programs\Python\Python313\Lib\site-packages\django\core\handlers\exception.py", line 55, in inner
    response = get_response(request)
  File "C:\Users\Rakesh\AppData\Local\Programs\Python\Python313\Lib\site-packages\django\core\handlers\base.py", line 197, in _get_response
    response = wrapped_callback(request, *callback_args, **callback_kwargs)
  File "C:\Users\Rakesh\AppData\Local\Programs\Python\Python313\Lib\site-packages\django\contrib\auth\decorators.py", line 23, in _wrapper_view
    return view_func(request, *args, **kwargs)
  File "C:\Users\Rakesh\Downloads\civiqo_elective_optin\elective_optin\electives\views.py", line 176, in dashboard
    return render(request, 'electives/dashboard.html', context)
  File "C:\Users\Rakesh\AppData\Local\Programs\Python\Python313\Lib\site-packages\django\shortcuts.py", line 24, in render
    content = loader.render_to_string(template_name, context, request, using=using)
  File "C:\Users\Rakesh\AppData\Local\Programs\Python\Python313\Lib\site-packages\django\template\loader.py", line 62, in render_to_string
    return template.render(context, request)
           ~~~~~~~~~~~~~~~^^^^^^^^^^^^^^^^^^
  File "C:\Users\Rakesh\AppData\Local\Programs\Python\Python313\Lib\site-packages\django\template\backends\django.py", line 61, in render
    return self.template.render(context)
           ~~~~~~~~~~~~~~~~~~~~^^^^^^^^^
  File "C:\Users\Rakesh\AppData\Local\Programs\Python\Python313\Lib\site-packages\django\template\base.py", line 175, in render
    return self._render(context)
           ~~~~~~~~~~~~^^^^^^^^^
  File "C:\Users\Rakesh\AppData\Local\Programs\Python\Python313\Lib\site-packages\django\template\base.py", line 167, in _render
    return self.nodelist.render(context)
           ~~~~~~~~~~~~~~~~~~~~^^^^^^^^^
  File "C:\Users\Rakesh\AppData\Local\Programs\Python\Python313\Lib\site-packages\django\template\base.py", line 1005, in render
    return SafeString("".join([node.render_annotated(context) for node in self]))
                               ~~~~~~~~~~~~~~~~~~~~~^^^^^^^^^
  File "C:\Users\Rakesh\AppData\Local\Programs\Python\Python313\Lib\site-packages\django\template\base.py", line 966, in render_annotated
    return self.render(context)
           ~~~~~~~~~~~^^^^^^^^^
  File "C:\Users\Rakesh\AppData\Local\Programs\Python\Python313\Lib\site-packages\django\template\loader_tags.py", line 132, in render
    compiled_parent = self.get_parent(context)
  File "C:\Users\Rakesh\AppData\Local\Programs\Python\Python313\Lib\site-packages\django\template\loader_tags.py", line 129, in get_parent
    return self.find_template(parent, context)
           ~~~~~~~~~~~~~~~~~~^^^^^^^^^^^^^^^^^
  File "C:\Users\Rakesh\AppData\Local\Programs\Python\Python313\Lib\site-packages\django\template\loader_tags.py", line 107, in find_template
    template, origin = context.template.engine.find_template(
                       ~~~~~~~~~~~~~~~~~~~~~~~~~~~~~~~~~~~~~^
        template_name,
        ^^^^^^^^^^^^^^
        skip=history,
        ^^^^^^^^^^^^^
    )
    ^
  File "C:\Users\Rakesh\AppData\Local\Programs\Python\Python313\Lib\site-packages\django\template\engine.py", line 157, in find_template
    template = loader.get_template(name, skip=skip)
  File "C:\Users\Rakesh\AppData\Local\Programs\Python\Python313\Lib\site-packages\django\template\loaders\cached.py", line 57, in get_template
    template = super().get_template(template_name, skip)
  File "C:\Users\Rakesh\AppData\Local\Programs\Python\Python313\Lib\site-packages\django\template\loaders\base.py", line 28, in get_template
    return Template(
        contents,
    ...<2 lines>...
        self.engine,
    )
  File "C:\Users\Rakesh\AppData\Local\Programs\Python\Python313\Lib\site-packages\django\template\base.py", line 154, in __init__
    self.nodelist = self.compile_nodelist()
                    ~~~~~~~~~~~~~~~~~~~~~^^
  File "C:\Users\Rakesh\AppData\Local\Programs\Python\Python313\Lib\site-packages\django\template\base.py", line 200, in compile_nodelist
    return parser.parse()
           ~~~~~~~~~~~~^^
  File "C:\Users\Rakesh\AppData\Local\Programs\Python\Python313\Lib\site-packages\django\template\base.py", line 507, in parse
    self.invalid_block_tag(token, command, parse_until)
    ~~~~~~~~~~~~~~~~~~~~~~^^^^^^^^^^^^^^^^^^^^^^^^^^^^^
  File "C:\Users\Rakesh\AppData\Local\Programs\Python\Python313\Lib\site-packages\django\template\base.py", line 568, in invalid_block_tag
    raise self.error(
    ...<3 lines>...
    )
django.template.exceptions.TemplateSyntaxError: Invalid block tag on line 130: 'else'. Did you forget to register or load this tag?
ERROR 2026-04-28 22:30:51,610 basehttp 24816 27076 "GET /dashboard/ HTTP/1.1" 500 195521
ERROR 2026-04-28 22:31:27,910 log 24816 27076 Internal Server Error: /dashboard/
Traceback (most recent call last):
  File "C:\Users\Rakesh\AppData\Local\Programs\Python\Python313\Lib\site-packages\django\template\base.py", line 505, in parse
    compile_func = self.tags[command]
                   ~~~~~~~~~^^^^^^^^^
KeyError: 'else'

During handling of the above exception, another exception occurred:

Traceback (most recent call last):
  File "C:\Users\Rakesh\AppData\Local\Programs\Python\Python313\Lib\site-packages\django\core\handlers\exception.py", line 55, in inner
    response = get_response(request)
  File "C:\Users\Rakesh\AppData\Local\Programs\Python\Python313\Lib\site-packages\django\core\handlers\base.py", line 197, in _get_response
    response = wrapped_callback(request, *callback_args, **callback_kwargs)
  File "C:\Users\Rakesh\AppData\Local\Programs\Python\Python313\Lib\site-packages\django\contrib\auth\decorators.py", line 23, in _wrapper_view
    return view_func(request, *args, **kwargs)
  File "C:\Users\Rakesh\Downloads\civiqo_elective_optin\elective_optin\electives\views.py", line 176, in dashboard
    return render(request, 'electives/dashboard.html', context)
  File "C:\Users\Rakesh\AppData\Local\Programs\Python\Python313\Lib\site-packages\django\shortcuts.py", line 24, in render
    content = loader.render_to_string(template_name, context, request, using=using)
  File "C:\Users\Rakesh\AppData\Local\Programs\Python\Python313\Lib\site-packages\django\template\loader.py", line 62, in render_to_string
    return template.render(context, request)
           ~~~~~~~~~~~~~~~^^^^^^^^^^^^^^^^^^
  File "C:\Users\Rakesh\AppData\Local\Programs\Python\Python313\Lib\site-packages\django\template\backends\django.py", line 61, in render
    return self.template.render(context)
           ~~~~~~~~~~~~~~~~~~~~^^^^^^^^^
  File "C:\Users\Rakesh\AppData\Local\Programs\Python\Python313\Lib\site-packages\django\template\base.py", line 175, in render
    return self._render(context)
           ~~~~~~~~~~~~^^^^^^^^^
  File "C:\Users\Rakesh\AppData\Local\Programs\Python\Python313\Lib\site-packages\django\template\base.py", line 167, in _render
    return self.nodelist.render(context)
           ~~~~~~~~~~~~~~~~~~~~^^^^^^^^^
  File "C:\Users\Rakesh\AppData\Local\Programs\Python\Python313\Lib\site-packages\django\template\base.py", line 1005, in render
    return SafeString("".join([node.render_annotated(context) for node in self]))
                               ~~~~~~~~~~~~~~~~~~~~~^^^^^^^^^
  File "C:\Users\Rakesh\AppData\Local\Programs\Python\Python313\Lib\site-packages\django\template\base.py", line 966, in render_annotated
    return self.render(context)
           ~~~~~~~~~~~^^^^^^^^^
  File "C:\Users\Rakesh\AppData\Local\Programs\Python\Python313\Lib\site-packages\django\template\loader_tags.py", line 132, in render
    compiled_parent = self.get_parent(context)
  File "C:\Users\Rakesh\AppData\Local\Programs\Python\Python313\Lib\site-packages\django\template\loader_tags.py", line 129, in get_parent
    return self.find_template(parent, context)
           ~~~~~~~~~~~~~~~~~~^^^^^^^^^^^^^^^^^
  File "C:\Users\Rakesh\AppData\Local\Programs\Python\Python313\Lib\site-packages\django\template\loader_tags.py", line 107, in find_template
    template, origin = context.template.engine.find_template(
                       ~~~~~~~~~~~~~~~~~~~~~~~~~~~~~~~~~~~~~^
        template_name,
        ^^^^^^^^^^^^^^
        skip=history,
        ^^^^^^^^^^^^^
    )
    ^
  File "C:\Users\Rakesh\AppData\Local\Programs\Python\Python313\Lib\site-packages\django\template\engine.py", line 157, in find_template
    template = loader.get_template(name, skip=skip)
  File "C:\Users\Rakesh\AppData\Local\Programs\Python\Python313\Lib\site-packages\django\template\loaders\cached.py", line 57, in get_template
    template = super().get_template(template_name, skip)
  File "C:\Users\Rakesh\AppData\Local\Programs\Python\Python313\Lib\site-packages\django\template\loaders\base.py", line 28, in get_template
    return Template(
        contents,
    ...<2 lines>...
        self.engine,
    )
  File "C:\Users\Rakesh\AppData\Local\Programs\Python\Python313\Lib\site-packages\django\template\base.py", line 154, in __init__
    self.nodelist = self.compile_nodelist()
                    ~~~~~~~~~~~~~~~~~~~~~^^
  File "C:\Users\Rakesh\AppData\Local\Programs\Python\Python313\Lib\site-packages\django\template\base.py", line 200, in compile_nodelist
    return parser.parse()
           ~~~~~~~~~~~~^^
  File "C:\Users\Rakesh\AppData\Local\Programs\Python\Python313\Lib\site-packages\django\template\base.py", line 507, in parse
    self.invalid_block_tag(token, command, parse_until)
    ~~~~~~~~~~~~~~~~~~~~~~^^^^^^^^^^^^^^^^^^^^^^^^^^^^^
  File "C:\Users\Rakesh\AppData\Local\Programs\Python\Python313\Lib\site-packages\django\template\base.py", line 568, in invalid_block_tag
    raise self.error(
    ...<3 lines>...
    )
django.template.exceptions.TemplateSyntaxError: Invalid block tag on line 130: 'else'. Did you forget to register or load this tag?
ERROR 2026-04-28 22:31:27,918 basehttp 24816 27076 "GET /dashboard/ HTTP/1.1" 500 195521
INFO 2026-04-28 22:39:54,101 autoreload 31968 33776 Watching for file changes with StatReloader
ERROR 2026-04-28 22:40:56,718 log 31968 33992 Internal Server Error: /dashboard/
Traceback (most recent call last):
  File "C:\Users\Rakesh\AppData\Local\Programs\Python\Python313\Lib\site-packages\django\template\base.py", line 505, in parse
    compile_func = self.tags[command]
                   ~~~~~~~~~^^^^^^^^^
KeyError: 'else'

During handling of the above exception, another exception occurred:

Traceback (most recent call last):
  File "C:\Users\Rakesh\AppData\Local\Programs\Python\Python313\Lib\site-packages\django\core\handlers\exception.py", line 55, in inner
    response = get_response(request)
  File "C:\Users\Rakesh\AppData\Local\Programs\Python\Python313\Lib\site-packages\django\core\handlers\base.py", line 197, in _get_response
    response = wrapped_callback(request, *callback_args, **callback_kwargs)
  File "C:\Users\Rakesh\AppData\Local\Programs\Python\Python313\Lib\site-packages\django\contrib\auth\decorators.py", line 23, in _wrapper_view
    return view_func(request, *args, **kwargs)
  File "C:\Users\Rakesh\Downloads\civiqo_elective_optin\elective_optin\electives\views.py", line 176, in dashboard
    return render(request, 'electives/dashboard.html', context)
  File "C:\Users\Rakesh\AppData\Local\Programs\Python\Python313\Lib\site-packages\django\shortcuts.py", line 24, in render
    content = loader.render_to_string(template_name, context, request, using=using)
  File "C:\Users\Rakesh\AppData\Local\Programs\Python\Python313\Lib\site-packages\django\template\loader.py", line 62, in render_to_string
    return template.render(context, request)
           ~~~~~~~~~~~~~~~^^^^^^^^^^^^^^^^^^
  File "C:\Users\Rakesh\AppData\Local\Programs\Python\Python313\Lib\site-packages\django\template\backends\django.py", line 61, in render
    return self.template.render(context)
           ~~~~~~~~~~~~~~~~~~~~^^^^^^^^^
  File "C:\Users\Rakesh\AppData\Local\Programs\Python\Python313\Lib\site-packages\django\template\base.py", line 175, in render
    return self._render(context)
           ~~~~~~~~~~~~^^^^^^^^^
  File "C:\Users\Rakesh\AppData\Local\Programs\Python\Python313\Lib\site-packages\django\template\base.py", line 167, in _render
    return self.nodelist.render(context)
           ~~~~~~~~~~~~~~~~~~~~^^^^^^^^^
  File "C:\Users\Rakesh\AppData\Local\Programs\Python\Python313\Lib\site-packages\django\template\base.py", line 1005, in render
    return SafeString("".join([node.render_annotated(context) for node in self]))
                               ~~~~~~~~~~~~~~~~~~~~~^^^^^^^^^
  File "C:\Users\Rakesh\AppData\Local\Programs\Python\Python313\Lib\site-packages\django\template\base.py", line 966, in render_annotated
    return self.render(context)
           ~~~~~~~~~~~^^^^^^^^^
  File "C:\Users\Rakesh\AppData\Local\Programs\Python\Python313\Lib\site-packages\django\template\loader_tags.py", line 132, in render
    compiled_parent = self.get_parent(context)
  File "C:\Users\Rakesh\AppData\Local\Programs\Python\Python313\Lib\site-packages\django\template\loader_tags.py", line 129, in get_parent
    return self.find_template(parent, context)
           ~~~~~~~~~~~~~~~~~~^^^^^^^^^^^^^^^^^
  File "C:\Users\Rakesh\AppData\Local\Programs\Python\Python313\Lib\site-packages\django\template\loader_tags.py", line 107, in find_template
    template, origin = context.template.engine.find_template(
                       ~~~~~~~~~~~~~~~~~~~~~~~~~~~~~~~~~~~~~^
        template_name,
        ^^^^^^^^^^^^^^
        skip=history,
        ^^^^^^^^^^^^^
    )
    ^
  File "C:\Users\Rakesh\AppData\Local\Programs\Python\Python313\Lib\site-packages\django\template\engine.py", line 157, in find_template
    template = loader.get_template(name, skip=skip)
  File "C:\Users\Rakesh\AppData\Local\Programs\Python\Python313\Lib\site-packages\django\template\loaders\cached.py", line 57, in get_template
    template = super().get_template(template_name, skip)
  File "C:\Users\Rakesh\AppData\Local\Programs\Python\Python313\Lib\site-packages\django\template\loaders\base.py", line 28, in get_template
    return Template(
        contents,
    ...<2 lines>...
        self.engine,
    )
  File "C:\Users\Rakesh\AppData\Local\Programs\Python\Python313\Lib\site-packages\django\template\base.py", line 154, in __init__
    self.nodelist = self.compile_nodelist()
                    ~~~~~~~~~~~~~~~~~~~~~^^
  File "C:\Users\Rakesh\AppData\Local\Programs\Python\Python313\Lib\site-packages\django\template\base.py", line 200, in compile_nodelist
    return parser.parse()
           ~~~~~~~~~~~~^^
  File "C:\Users\Rakesh\AppData\Local\Programs\Python\Python313\Lib\site-packages\django\template\base.py", line 507, in parse
    self.invalid_block_tag(token, command, parse_until)
    ~~~~~~~~~~~~~~~~~~~~~~^^^^^^^^^^^^^^^^^^^^^^^^^^^^^
  File "C:\Users\Rakesh\AppData\Local\Programs\Python\Python313\Lib\site-packages\django\template\base.py", line 568, in invalid_block_tag
    raise self.error(
    ...<3 lines>...
    )
django.template.exceptions.TemplateSyntaxError: Invalid block tag on line 130: 'else'. Did you forget to register or load this tag?
ERROR 2026-04-28 22:40:56,732 basehttp 31968 33992 "GET /dashboard/ HTTP/1.1" 500 195521
INFO 2026-04-28 22:41:24,021 autoreload 32212 34976 Watching for file changes with StatReloader
ERROR 2026-04-28 22:41:37,256 log 31968 33992 Internal Server Error: /dashboard/
Traceback (most recent call last):
  File "C:\Users\Rakesh\AppData\Local\Programs\Python\Python313\Lib\site-packages\django\template\base.py", line 505, in parse
    compile_func = self.tags[command]
                   ~~~~~~~~~^^^^^^^^^
KeyError: 'else'

During handling of the above exception, another exception occurred:

Traceback (most recent call last):
  File "C:\Users\Rakesh\AppData\Local\Programs\Python\Python313\Lib\site-packages\django\core\handlers\exception.py", line 55, in inner
    response = get_response(request)
  File "C:\Users\Rakesh\AppData\Local\Programs\Python\Python313\Lib\site-packages\django\core\handlers\base.py", line 197, in _get_response
    response = wrapped_callback(request, *callback_args, **callback_kwargs)
  File "C:\Users\Rakesh\AppData\Local\Programs\Python\Python313\Lib\site-packages\django\contrib\auth\decorators.py", line 23, in _wrapper_view
    return view_func(request, *args, **kwargs)
  File "C:\Users\Rakesh\Downloads\civiqo_elective_optin\elective_optin\electives\views.py", line 176, in dashboard
    return render(request, 'electives/dashboard.html', context)
  File "C:\Users\Rakesh\AppData\Local\Programs\Python\Python313\Lib\site-packages\django\shortcuts.py", line 24, in render
    content = loader.render_to_string(template_name, context, request, using=using)
  File "C:\Users\Rakesh\AppData\Local\Programs\Python\Python313\Lib\site-packages\django\template\loader.py", line 62, in render_to_string
    return template.render(context, request)
           ~~~~~~~~~~~~~~~^^^^^^^^^^^^^^^^^^
  File "C:\Users\Rakesh\AppData\Local\Programs\Python\Python313\Lib\site-packages\django\template\backends\django.py", line 61, in render
    return self.template.render(context)
           ~~~~~~~~~~~~~~~~~~~~^^^^^^^^^
  File "C:\Users\Rakesh\AppData\Local\Programs\Python\Python313\Lib\site-packages\django\template\base.py", line 175, in render
    return self._render(context)
           ~~~~~~~~~~~~^^^^^^^^^
  File "C:\Users\Rakesh\AppData\Local\Programs\Python\Python313\Lib\site-packages\django\template\base.py", line 167, in _render
    return self.nodelist.render(context)
           ~~~~~~~~~~~~~~~~~~~~^^^^^^^^^
  File "C:\Users\Rakesh\AppData\Local\Programs\Python\Python313\Lib\site-packages\django\template\base.py", line 1005, in render
    return SafeString("".join([node.render_annotated(context) for node in self]))
                               ~~~~~~~~~~~~~~~~~~~~~^^^^^^^^^
  File "C:\Users\Rakesh\AppData\Local\Programs\Python\Python313\Lib\site-packages\django\template\base.py", line 966, in render_annotated
    return self.render(context)
           ~~~~~~~~~~~^^^^^^^^^
  File "C:\Users\Rakesh\AppData\Local\Programs\Python\Python313\Lib\site-packages\django\template\loader_tags.py", line 132, in render
    compiled_parent = self.get_parent(context)
  File "C:\Users\Rakesh\AppData\Local\Programs\Python\Python313\Lib\site-packages\django\template\loader_tags.py", line 129, in get_parent
    return self.find_template(parent, context)
           ~~~~~~~~~~~~~~~~~~^^^^^^^^^^^^^^^^^
  File "C:\Users\Rakesh\AppData\Local\Programs\Python\Python313\Lib\site-packages\django\template\loader_tags.py", line 107, in find_template
    template, origin = context.template.engine.find_template(
                       ~~~~~~~~~~~~~~~~~~~~~~~~~~~~~~~~~~~~~^
        template_name,
        ^^^^^^^^^^^^^^
        skip=history,
        ^^^^^^^^^^^^^
    )
    ^
  File "C:\Users\Rakesh\AppData\Local\Programs\Python\Python313\Lib\site-packages\django\template\engine.py", line 157, in find_template
    template = loader.get_template(name, skip=skip)
  File "C:\Users\Rakesh\AppData\Local\Programs\Python\Python313\Lib\site-packages\django\template\loaders\cached.py", line 57, in get_template
    template = super().get_template(template_name, skip)
  File "C:\Users\Rakesh\AppData\Local\Programs\Python\Python313\Lib\site-packages\django\template\loaders\base.py", line 28, in get_template
    return Template(
        contents,
    ...<2 lines>...
        self.engine,
    )
  File "C:\Users\Rakesh\AppData\Local\Programs\Python\Python313\Lib\site-packages\django\template\base.py", line 154, in __init__
    self.nodelist = self.compile_nodelist()
                    ~~~~~~~~~~~~~~~~~~~~~^^
  File "C:\Users\Rakesh\AppData\Local\Programs\Python\Python313\Lib\site-packages\django\template\base.py", line 200, in compile_nodelist
    return parser.parse()
           ~~~~~~~~~~~~^^
  File "C:\Users\Rakesh\AppData\Local\Programs\Python\Python313\Lib\site-packages\django\template\base.py", line 507, in parse
    self.invalid_block_tag(token, command, parse_until)
    ~~~~~~~~~~~~~~~~~~~~~~^^^^^^^^^^^^^^^^^^^^^^^^^^^^^
  File "C:\Users\Rakesh\AppData\Local\Programs\Python\Python313\Lib\site-packages\django\template\base.py", line 568, in invalid_block_tag
    raise self.error(
    ...<3 lines>...
    )
django.template.exceptions.TemplateSyntaxError: Invalid block tag on line 130: 'else'. Did you forget to register or load this tag?
ERROR 2026-04-28 22:41:37,261 basehttp 31968 33992 "GET /dashboard/ HTTP/1.1" 500 195521
INFO 2026-04-28 22:41:43,592 basehttp 31968 33992 "GET / HTTP/1.1" 302 0
ERROR 2026-04-28 22:41:43,960 log 31968 33992 Internal Server Error: /dashboard/
Traceback (most recent call last):
  File "C:\Users\Rakesh\AppData\Local\Programs\Python\Python313\Lib\site-packages\django\template\base.py", line 505, in parse
    compile_func = self.tags[command]
                   ~~~~~~~~~^^^^^^^^^
KeyError: 'else'

During handling of the above exception, another exception occurred:

Traceback (most recent call last):
  File "C:\Users\Rakesh\AppData\Local\Programs\Python\Python313\Lib\site-packages\django\core\handlers\exception.py", line 55, in inner
    response = get_response(request)
  File "C:\Users\Rakesh\AppData\Local\Programs\Python\Python313\Lib\site-packages\django\core\handlers\base.py", line 197, in _get_response
    response = wrapped_callback(request, *callback_args, **callback_kwargs)
  File "C:\Users\Rakesh\AppData\Local\Programs\Python\Python313\Lib\site-packages\django\contrib\auth\decorators.py", line 23, in _wrapper_view
    return view_func(request, *args, **kwargs)
  File "C:\Users\Rakesh\Downloads\civiqo_elective_optin\elective_optin\electives\views.py", line 176, in dashboard
    return render(request, 'electives/dashboard.html', context)
  File "C:\Users\Rakesh\AppData\Local\Programs\Python\Python313\Lib\site-packages\django\shortcuts.py", line 24, in render
    content = loader.render_to_string(template_name, context, request, using=using)
  File "C:\Users\Rakesh\AppData\Local\Programs\Python\Python313\Lib\site-packages\django\template\loader.py", line 62, in render_to_string
    return template.render(context, request)
           ~~~~~~~~~~~~~~~^^^^^^^^^^^^^^^^^^
  File "C:\Users\Rakesh\AppData\Local\Programs\Python\Python313\Lib\site-packages\django\template\backends\django.py", line 61, in render
    return self.template.render(context)
           ~~~~~~~~~~~~~~~~~~~~^^^^^^^^^
  File "C:\Users\Rakesh\AppData\Local\Programs\Python\Python313\Lib\site-packages\django\template\base.py", line 175, in render
    return self._render(context)
           ~~~~~~~~~~~~^^^^^^^^^
  File "C:\Users\Rakesh\AppData\Local\Programs\Python\Python313\Lib\site-packages\django\template\base.py", line 167, in _render
    return self.nodelist.render(context)
           ~~~~~~~~~~~~~~~~~~~~^^^^^^^^^
  File "C:\Users\Rakesh\AppData\Local\Programs\Python\Python313\Lib\site-packages\django\template\base.py", line 1005, in render
    return SafeString("".join([node.render_annotated(context) for node in self]))
                               ~~~~~~~~~~~~~~~~~~~~~^^^^^^^^^
  File "C:\Users\Rakesh\AppData\Local\Programs\Python\Python313\Lib\site-packages\django\template\base.py", line 966, in render_annotated
    return self.render(context)
           ~~~~~~~~~~~^^^^^^^^^
  File "C:\Users\Rakesh\AppData\Local\Programs\Python\Python313\Lib\site-packages\django\template\loader_tags.py", line 132, in render
    compiled_parent = self.get_parent(context)
  File "C:\Users\Rakesh\AppData\Local\Programs\Python\Python313\Lib\site-packages\django\template\loader_tags.py", line 129, in get_parent
    return self.find_template(parent, context)
           ~~~~~~~~~~~~~~~~~~^^^^^^^^^^^^^^^^^
  File "C:\Users\Rakesh\AppData\Local\Programs\Python\Python313\Lib\site-packages\django\template\loader_tags.py", line 107, in find_template
    template, origin = context.template.engine.find_template(
                       ~~~~~~~~~~~~~~~~~~~~~~~~~~~~~~~~~~~~~^
        template_name,
        ^^^^^^^^^^^^^^
        skip=history,
        ^^^^^^^^^^^^^
    )
    ^
  File "C:\Users\Rakesh\AppData\Local\Programs\Python\Python313\Lib\site-packages\django\template\engine.py", line 157, in find_template
    template = loader.get_template(name, skip=skip)
  File "C:\Users\Rakesh\AppData\Local\Programs\Python\Python313\Lib\site-packages\django\template\loaders\cached.py", line 57, in get_template
    template = super().get_template(template_name, skip)
  File "C:\Users\Rakesh\AppData\Local\Programs\Python\Python313\Lib\site-packages\django\template\loaders\base.py", line 28, in get_template
    return Template(
        contents,
    ...<2 lines>...
        self.engine,
    )
  File "C:\Users\Rakesh\AppData\Local\Programs\Python\Python313\Lib\site-packages\django\template\base.py", line 154, in __init__
    self.nodelist = self.compile_nodelist()
                    ~~~~~~~~~~~~~~~~~~~~~^^
  File "C:\Users\Rakesh\AppData\Local\Programs\Python\Python313\Lib\site-packages\django\template\base.py", line 200, in compile_nodelist
    return parser.parse()
           ~~~~~~~~~~~~^^
  File "C:\Users\Rakesh\AppData\Local\Programs\Python\Python313\Lib\site-packages\django\template\base.py", line 507, in parse
    self.invalid_block_tag(token, command, parse_until)
    ~~~~~~~~~~~~~~~~~~~~~~^^^^^^^^^^^^^^^^^^^^^^^^^^^^^
  File "C:\Users\Rakesh\AppData\Local\Programs\Python\Python313\Lib\site-packages\django\template\base.py", line 568, in invalid_block_tag
    raise self.error(
    ...<3 lines>...
    )
django.template.exceptions.TemplateSyntaxError: Invalid block tag on line 130: 'else'. Did you forget to register or load this tag?
ERROR 2026-04-28 22:41:43,972 basehttp 31968 33992 "GET /dashboard/ HTTP/1.1" 500 195227
INFO 2026-04-28 22:41:53,252 basehttp 31968 33992 "GET / HTTP/1.1" 302 0
ERROR 2026-04-28 22:41:53,561 log 31968 33992 Internal Server Error: /dashboard/
Traceback (most recent call last):
  File "C:\Users\Rakesh\AppData\Local\Programs\Python\Python313\Lib\site-packages\django\template\base.py", line 505, in parse
    compile_func = self.tags[command]
                   ~~~~~~~~~^^^^^^^^^
KeyError: 'else'

During handling of the above exception, another exception occurred:

Traceback (most recent call last):
  File "C:\Users\Rakesh\AppData\Local\Programs\Python\Python313\Lib\site-packages\django\core\handlers\exception.py", line 55, in inner
    response = get_response(request)
  File "C:\Users\Rakesh\AppData\Local\Programs\Python\Python313\Lib\site-packages\django\core\handlers\base.py", line 197, in _get_response
    response = wrapped_callback(request, *callback_args, **callback_kwargs)
  File "C:\Users\Rakesh\AppData\Local\Programs\Python\Python313\Lib\site-packages\django\contrib\auth\decorators.py", line 23, in _wrapper_view
    return view_func(request, *args, **kwargs)
  File "C:\Users\Rakesh\Downloads\civiqo_elective_optin\elective_optin\electives\views.py", line 176, in dashboard
    return render(request, 'electives/dashboard.html', context)
  File "C:\Users\Rakesh\AppData\Local\Programs\Python\Python313\Lib\site-packages\django\shortcuts.py", line 24, in render
    content = loader.render_to_string(template_name, context, request, using=using)
  File "C:\Users\Rakesh\AppData\Local\Programs\Python\Python313\Lib\site-packages\django\template\loader.py", line 62, in render_to_string
    return template.render(context, request)
           ~~~~~~~~~~~~~~~^^^^^^^^^^^^^^^^^^
  File "C:\Users\Rakesh\AppData\Local\Programs\Python\Python313\Lib\site-packages\django\template\backends\django.py", line 61, in render
    return self.template.render(context)
           ~~~~~~~~~~~~~~~~~~~~^^^^^^^^^
  File "C:\Users\Rakesh\AppData\Local\Programs\Python\Python313\Lib\site-packages\django\template\base.py", line 175, in render
    return self._render(context)
           ~~~~~~~~~~~~^^^^^^^^^
  File "C:\Users\Rakesh\AppData\Local\Programs\Python\Python313\Lib\site-packages\django\template\base.py", line 167, in _render
    return self.nodelist.render(context)
           ~~~~~~~~~~~~~~~~~~~~^^^^^^^^^
  File "C:\Users\Rakesh\AppData\Local\Programs\Python\Python313\Lib\site-packages\django\template\base.py", line 1005, in render
    return SafeString("".join([node.render_annotated(context) for node in self]))
                               ~~~~~~~~~~~~~~~~~~~~~^^^^^^^^^
  File "C:\Users\Rakesh\AppData\Local\Programs\Python\Python313\Lib\site-packages\django\template\base.py", line 966, in render_annotated
    return self.render(context)
           ~~~~~~~~~~~^^^^^^^^^
  File "C:\Users\Rakesh\AppData\Local\Programs\Python\Python313\Lib\site-packages\django\template\loader_tags.py", line 132, in render
    compiled_parent = self.get_parent(context)
  File "C:\Users\Rakesh\AppData\Local\Programs\Python\Python313\Lib\site-packages\django\template\loader_tags.py", line 129, in get_parent
    return self.find_template(parent, context)
           ~~~~~~~~~~~~~~~~~~^^^^^^^^^^^^^^^^^
  File "C:\Users\Rakesh\AppData\Local\Programs\Python\Python313\Lib\site-packages\django\template\loader_tags.py", line 107, in find_template
    template, origin = context.template.engine.find_template(
                       ~~~~~~~~~~~~~~~~~~~~~~~~~~~~~~~~~~~~~^
        template_name,
        ^^^^^^^^^^^^^^
        skip=history,
        ^^^^^^^^^^^^^
    )
    ^
  File "C:\Users\Rakesh\AppData\Local\Programs\Python\Python313\Lib\site-packages\django\template\engine.py", line 157, in find_template
    template = loader.get_template(name, skip=skip)
  File "C:\Users\Rakesh\AppData\Local\Programs\Python\Python313\Lib\site-packages\django\template\loaders\cached.py", line 57, in get_template
    template = super().get_template(template_name, skip)
  File "C:\Users\Rakesh\AppData\Local\Programs\Python\Python313\Lib\site-packages\django\template\loaders\base.py", line 28, in get_template
    return Template(
        contents,
    ...<2 lines>...
        self.engine,
    )
  File "C:\Users\Rakesh\AppData\Local\Programs\Python\Python313\Lib\site-packages\django\template\base.py", line 154, in __init__
    self.nodelist = self.compile_nodelist()
                    ~~~~~~~~~~~~~~~~~~~~~^^
  File "C:\Users\Rakesh\AppData\Local\Programs\Python\Python313\Lib\site-packages\django\template\base.py", line 200, in compile_nodelist
    return parser.parse()
           ~~~~~~~~~~~~^^
  File "C:\Users\Rakesh\AppData\Local\Programs\Python\Python313\Lib\site-packages\django\template\base.py", line 507, in parse
    self.invalid_block_tag(token, command, parse_until)
    ~~~~~~~~~~~~~~~~~~~~~~^^^^^^^^^^^^^^^^^^^^^^^^^^^^^
  File "C:\Users\Rakesh\AppData\Local\Programs\Python\Python313\Lib\site-packages\django\template\base.py", line 568, in invalid_block_tag
    raise self.error(
    ...<3 lines>...
    )
django.template.exceptions.TemplateSyntaxError: Invalid block tag on line 130: 'else'. Did you forget to register or load this tag?
ERROR 2026-04-28 22:41:53,577 basehttp 31968 33992 "GET /dashboard/ HTTP/1.1" 500 195227
WARNING 2026-04-28 22:41:57,193 log 31968 33992 Not Found: /.well-known/appspecific/com.chrome.devtools.json
WARNING 2026-04-28 22:41:57,194 basehttp 31968 33992 "GET /.well-known/appspecific/com.chrome.devtools.json HTTP/1.1" 404 6787
INFO 2026-04-28 22:49:21,638 autoreload 34068 25296 Watching for file changes with StatReloader
ERROR 2026-04-28 22:50:00,268 log 32212 27696 Internal Server Error: /dashboard/
Traceback (most recent call last):
  File "C:\Users\Rakesh\AppData\Local\Programs\Python\Python313\Lib\site-packages\django\template\base.py", line 505, in parse
    compile_func = self.tags[command]
                   ~~~~~~~~~^^^^^^^^^
KeyError: 'else'

During handling of the above exception, another exception occurred:

Traceback (most recent call last):
  File "C:\Users\Rakesh\AppData\Local\Programs\Python\Python313\Lib\site-packages\django\core\handlers\exception.py", line 55, in inner
    response = get_response(request)
  File "C:\Users\Rakesh\AppData\Local\Programs\Python\Python313\Lib\site-packages\django\core\handlers\base.py", line 197, in _get_response
    response = wrapped_callback(request, *callback_args, **callback_kwargs)
  File "C:\Users\Rakesh\AppData\Local\Programs\Python\Python313\Lib\site-packages\django\contrib\auth\decorators.py", line 23, in _wrapper_view
    return view_func(request, *args, **kwargs)
  File "C:\Users\Rakesh\Downloads\civiqo_elective_optin\elective_optin\electives\views.py", line 176, in dashboard
    return render(request, 'electives/dashboard.html', context)
  File "C:\Users\Rakesh\AppData\Local\Programs\Python\Python313\Lib\site-packages\django\shortcuts.py", line 24, in render
    content = loader.render_to_string(template_name, context, request, using=using)
  File "C:\Users\Rakesh\AppData\Local\Programs\Python\Python313\Lib\site-packages\django\template\loader.py", line 62, in render_to_string
    return template.render(context, request)
           ~~~~~~~~~~~~~~~^^^^^^^^^^^^^^^^^^
  File "C:\Users\Rakesh\AppData\Local\Programs\Python\Python313\Lib\site-packages\django\template\backends\django.py", line 61, in render
    return self.template.render(context)
           ~~~~~~~~~~~~~~~~~~~~^^^^^^^^^
  File "C:\Users\Rakesh\AppData\Local\Programs\Python\Python313\Lib\site-packages\django\template\base.py", line 175, in render
    return self._render(context)
           ~~~~~~~~~~~~^^^^^^^^^
  File "C:\Users\Rakesh\AppData\Local\Programs\Python\Python313\Lib\site-packages\django\template\base.py", line 167, in _render
    return self.nodelist.render(context)
           ~~~~~~~~~~~~~~~~~~~~^^^^^^^^^
  File "C:\Users\Rakesh\AppData\Local\Programs\Python\Python313\Lib\site-packages\django\template\base.py", line 1005, in render
    return SafeString("".join([node.render_annotated(context) for node in self]))
                               ~~~~~~~~~~~~~~~~~~~~~^^^^^^^^^
  File "C:\Users\Rakesh\AppData\Local\Programs\Python\Python313\Lib\site-packages\django\template\base.py", line 966, in render_annotated
    return self.render(context)
           ~~~~~~~~~~~^^^^^^^^^
  File "C:\Users\Rakesh\AppData\Local\Programs\Python\Python313\Lib\site-packages\django\template\loader_tags.py", line 132, in render
    compiled_parent = self.get_parent(context)
  File "C:\Users\Rakesh\AppData\Local\Programs\Python\Python313\Lib\site-packages\django\template\loader_tags.py", line 129, in get_parent
    return self.find_template(parent, context)
           ~~~~~~~~~~~~~~~~~~^^^^^^^^^^^^^^^^^
  File "C:\Users\Rakesh\AppData\Local\Programs\Python\Python313\Lib\site-packages\django\template\loader_tags.py", line 107, in find_template
    template, origin = context.template.engine.find_template(
                       ~~~~~~~~~~~~~~~~~~~~~~~~~~~~~~~~~~~~~^
        template_name,
        ^^^^^^^^^^^^^^
        skip=history,
        ^^^^^^^^^^^^^
    )
    ^
  File "C:\Users\Rakesh\AppData\Local\Programs\Python\Python313\Lib\site-packages\django\template\engine.py", line 157, in find_template
    template = loader.get_template(name, skip=skip)
  File "C:\Users\Rakesh\AppData\Local\Programs\Python\Python313\Lib\site-packages\django\template\loaders\cached.py", line 57, in get_template
    template = super().get_template(template_name, skip)
  File "C:\Users\Rakesh\AppData\Local\Programs\Python\Python313\Lib\site-packages\django\template\loaders\base.py", line 28, in get_template
    return Template(
        contents,
    ...<2 lines>...
        self.engine,
    )
  File "C:\Users\Rakesh\AppData\Local\Programs\Python\Python313\Lib\site-packages\django\template\base.py", line 154, in __init__
    self.nodelist = self.compile_nodelist()
                    ~~~~~~~~~~~~~~~~~~~~~^^
  File "C:\Users\Rakesh\AppData\Local\Programs\Python\Python313\Lib\site-packages\django\template\base.py", line 200, in compile_nodelist
    return parser.parse()
           ~~~~~~~~~~~~^^
  File "C:\Users\Rakesh\AppData\Local\Programs\Python\Python313\Lib\site-packages\django\template\base.py", line 507, in parse
    self.invalid_block_tag(token, command, parse_until)
    ~~~~~~~~~~~~~~~~~~~~~~^^^^^^^^^^^^^^^^^^^^^^^^^^^^^
  File "C:\Users\Rakesh\AppData\Local\Programs\Python\Python313\Lib\site-packages\django\template\base.py", line 568, in invalid_block_tag
    raise self.error(
    ...<3 lines>...
    )
django.template.exceptions.TemplateSyntaxError: Invalid block tag on line 130: 'else'. Did you forget to register or load this tag?
ERROR 2026-04-28 22:50:00,277 basehttp 32212 27696 "GET /dashboard/ HTTP/1.1" 500 195205
ERROR 2026-04-28 22:50:04,826 log 32212 27696 Internal Server Error: /dashboard/
Traceback (most recent call last):
  File "C:\Users\Rakesh\AppData\Local\Programs\Python\Python313\Lib\site-packages\django\template\base.py", line 505, in parse
    compile_func = self.tags[command]
                   ~~~~~~~~~^^^^^^^^^
KeyError: 'else'

During handling of the above exception, another exception occurred:

Traceback (most recent call last):
  File "C:\Users\Rakesh\AppData\Local\Programs\Python\Python313\Lib\site-packages\django\core\handlers\exception.py", line 55, in inner
    response = get_response(request)
  File "C:\Users\Rakesh\AppData\Local\Programs\Python\Python313\Lib\site-packages\django\core\handlers\base.py", line 197, in _get_response
    response = wrapped_callback(request, *callback_args, **callback_kwargs)
  File "C:\Users\Rakesh\AppData\Local\Programs\Python\Python313\Lib\site-packages\django\contrib\auth\decorators.py", line 23, in _wrapper_view
    return view_func(request, *args, **kwargs)
  File "C:\Users\Rakesh\Downloads\civiqo_elective_optin\elective_optin\electives\views.py", line 176, in dashboard
    return render(request, 'electives/dashboard.html', context)
  File "C:\Users\Rakesh\AppData\Local\Programs\Python\Python313\Lib\site-packages\django\shortcuts.py", line 24, in render
    content = loader.render_to_string(template_name, context, request, using=using)
  File "C:\Users\Rakesh\AppData\Local\Programs\Python\Python313\Lib\site-packages\django\template\loader.py", line 62, in render_to_string
    return template.render(context, request)
           ~~~~~~~~~~~~~~~^^^^^^^^^^^^^^^^^^
  File "C:\Users\Rakesh\AppData\Local\Programs\Python\Python313\Lib\site-packages\django\template\backends\django.py", line 61, in render
    return self.template.render(context)
           ~~~~~~~~~~~~~~~~~~~~^^^^^^^^^
  File "C:\Users\Rakesh\AppData\Local\Programs\Python\Python313\Lib\site-packages\django\template\base.py", line 175, in render
    return self._render(context)
           ~~~~~~~~~~~~^^^^^^^^^
  File "C:\Users\Rakesh\AppData\Local\Programs\Python\Python313\Lib\site-packages\django\template\base.py", line 167, in _render
    return self.nodelist.render(context)
           ~~~~~~~~~~~~~~~~~~~~^^^^^^^^^
  File "C:\Users\Rakesh\AppData\Local\Programs\Python\Python313\Lib\site-packages\django\template\base.py", line 1005, in render
    return SafeString("".join([node.render_annotated(context) for node in self]))
                               ~~~~~~~~~~~~~~~~~~~~~^^^^^^^^^
  File "C:\Users\Rakesh\AppData\Local\Programs\Python\Python313\Lib\site-packages\django\template\base.py", line 966, in render_annotated
    return self.render(context)
           ~~~~~~~~~~~^^^^^^^^^
  File "C:\Users\Rakesh\AppData\Local\Programs\Python\Python313\Lib\site-packages\django\template\loader_tags.py", line 132, in render
    compiled_parent = self.get_parent(context)
  File "C:\Users\Rakesh\AppData\Local\Programs\Python\Python313\Lib\site-packages\django\template\loader_tags.py", line 129, in get_parent
    return self.find_template(parent, context)
           ~~~~~~~~~~~~~~~~~~^^^^^^^^^^^^^^^^^
  File "C:\Users\Rakesh\AppData\Local\Programs\Python\Python313\Lib\site-packages\django\template\loader_tags.py", line 107, in find_template
    template, origin = context.template.engine.find_template(
                       ~~~~~~~~~~~~~~~~~~~~~~~~~~~~~~~~~~~~~^
        template_name,
        ^^^^^^^^^^^^^^
        skip=history,
        ^^^^^^^^^^^^^
    )
    ^
  File "C:\Users\Rakesh\AppData\Local\Programs\Python\Python313\Lib\site-packages\django\template\engine.py", line 157, in find_template
    template = loader.get_template(name, skip=skip)
  File "C:\Users\Rakesh\AppData\Local\Programs\Python\Python313\Lib\site-packages\django\template\loaders\cached.py", line 57, in get_template
    template = super().get_template(template_name, skip)
  File "C:\Users\Rakesh\AppData\Local\Programs\Python\Python313\Lib\site-packages\django\template\loaders\base.py", line 28, in get_template
    return Template(
        contents,
    ...<2 lines>...
        self.engine,
    )
  File "C:\Users\Rakesh\AppData\Local\Programs\Python\Python313\Lib\site-packages\django\template\base.py", line 154, in __init__
    self.nodelist = self.compile_nodelist()
                    ~~~~~~~~~~~~~~~~~~~~~^^
  File "C:\Users\Rakesh\AppData\Local\Programs\Python\Python313\Lib\site-packages\django\template\base.py", line 200, in compile_nodelist
    return parser.parse()
           ~~~~~~~~~~~~^^
  File "C:\Users\Rakesh\AppData\Local\Programs\Python\Python313\Lib\site-packages\django\template\base.py", line 507, in parse
    self.invalid_block_tag(token, command, parse_until)
    ~~~~~~~~~~~~~~~~~~~~~~^^^^^^^^^^^^^^^^^^^^^^^^^^^^^
  File "C:\Users\Rakesh\AppData\Local\Programs\Python\Python313\Lib\site-packages\django\template\base.py", line 568, in invalid_block_tag
    raise self.error(
    ...<3 lines>...
    )
django.template.exceptions.TemplateSyntaxError: Invalid block tag on line 130: 'else'. Did you forget to register or load this tag?
ERROR 2026-04-28 22:50:04,831 basehttp 32212 27696 "GET /dashboard/ HTTP/1.1" 500 195205
WARNING 2026-04-28 22:50:04,863 log 32212 27696 Not Found: /.well-known/appspecific/com.chrome.devtools.json
WARNING 2026-04-28 22:50:04,864 basehttp 32212 27696 "GET /.well-known/appspecific/com.chrome.devtools.json HTTP/1.1" 404 6787
INFO 2026-04-28 22:50:12,122 basehttp 32212 16356 "GET /dashboard/ HTTP/1.1" 302 0
INFO 2026-04-28 22:50:12,127 basehttp 32212 16356 "GET /login/?next=/dashboard/ HTTP/1.1" 200 4314
ERROR 2026-04-28 22:50:26,782 log 32212 27696 Internal Server Error: /dashboard/
Traceback (most recent call last):
  File "C:\Users\Rakesh\AppData\Local\Programs\Python\Python313\Lib\site-packages\django\template\base.py", line 505, in parse
    compile_func = self.tags[command]
                   ~~~~~~~~~^^^^^^^^^
KeyError: 'else'

During handling of the above exception, another exception occurred:

Traceback (most recent call last):
  File "C:\Users\Rakesh\AppData\Local\Programs\Python\Python313\Lib\site-packages\django\core\handlers\exception.py", line 55, in inner
    response = get_response(request)
  File "C:\Users\Rakesh\AppData\Local\Programs\Python\Python313\Lib\site-packages\django\core\handlers\base.py", line 197, in _get_response
    response = wrapped_callback(request, *callback_args, **callback_kwargs)
  File "C:\Users\Rakesh\AppData\Local\Programs\Python\Python313\Lib\site-packages\django\contrib\auth\decorators.py", line 23, in _wrapper_view
    return view_func(request, *args, **kwargs)
  File "C:\Users\Rakesh\Downloads\civiqo_elective_optin\elective_optin\electives\views.py", line 176, in dashboard
    return render(request, 'electives/dashboard.html', context)
  File "C:\Users\Rakesh\AppData\Local\Programs\Python\Python313\Lib\site-packages\django\shortcuts.py", line 24, in render
    content = loader.render_to_string(template_name, context, request, using=using)
  File "C:\Users\Rakesh\AppData\Local\Programs\Python\Python313\Lib\site-packages\django\template\loader.py", line 62, in render_to_string
    return template.render(context, request)
           ~~~~~~~~~~~~~~~^^^^^^^^^^^^^^^^^^
  File "C:\Users\Rakesh\AppData\Local\Programs\Python\Python313\Lib\site-packages\django\template\backends\django.py", line 61, in render
    return self.template.render(context)
           ~~~~~~~~~~~~~~~~~~~~^^^^^^^^^
  File "C:\Users\Rakesh\AppData\Local\Programs\Python\Python313\Lib\site-packages\django\template\base.py", line 175, in render
    return self._render(context)
           ~~~~~~~~~~~~^^^^^^^^^
  File "C:\Users\Rakesh\AppData\Local\Programs\Python\Python313\Lib\site-packages\django\template\base.py", line 167, in _render
    return self.nodelist.render(context)
           ~~~~~~~~~~~~~~~~~~~~^^^^^^^^^
  File "C:\Users\Rakesh\AppData\Local\Programs\Python\Python313\Lib\site-packages\django\template\base.py", line 1005, in render
    return SafeString("".join([node.render_annotated(context) for node in self]))
                               ~~~~~~~~~~~~~~~~~~~~~^^^^^^^^^
  File "C:\Users\Rakesh\AppData\Local\Programs\Python\Python313\Lib\site-packages\django\template\base.py", line 966, in render_annotated
    return self.render(context)
           ~~~~~~~~~~~^^^^^^^^^
  File "C:\Users\Rakesh\AppData\Local\Programs\Python\Python313\Lib\site-packages\django\template\loader_tags.py", line 132, in render
    compiled_parent = self.get_parent(context)
  File "C:\Users\Rakesh\AppData\Local\Programs\Python\Python313\Lib\site-packages\django\template\loader_tags.py", line 129, in get_parent
    return self.find_template(parent, context)
           ~~~~~~~~~~~~~~~~~~^^^^^^^^^^^^^^^^^
  File "C:\Users\Rakesh\AppData\Local\Programs\Python\Python313\Lib\site-packages\django\template\loader_tags.py", line 107, in find_template
    template, origin = context.template.engine.find_template(
                       ~~~~~~~~~~~~~~~~~~~~~~~~~~~~~~~~~~~~~^
        template_name,
        ^^^^^^^^^^^^^^
        skip=history,
        ^^^^^^^^^^^^^
    )
    ^
  File "C:\Users\Rakesh\AppData\Local\Programs\Python\Python313\Lib\site-packages\django\template\engine.py", line 157, in find_template
    template = loader.get_template(name, skip=skip)
  File "C:\Users\Rakesh\AppData\Local\Programs\Python\Python313\Lib\site-packages\django\template\loaders\cached.py", line 57, in get_template
    template = super().get_template(template_name, skip)
  File "C:\Users\Rakesh\AppData\Local\Programs\Python\Python313\Lib\site-packages\django\template\loaders\base.py", line 28, in get_template
    return Template(
        contents,
    ...<2 lines>...
        self.engine,
    )
  File "C:\Users\Rakesh\AppData\Local\Programs\Python\Python313\Lib\site-packages\django\template\base.py", line 154, in __init__
    self.nodelist = self.compile_nodelist()
                    ~~~~~~~~~~~~~~~~~~~~~^^
  File "C:\Users\Rakesh\AppData\Local\Programs\Python\Python313\Lib\site-packages\django\template\base.py", line 200, in compile_nodelist
    return parser.parse()
           ~~~~~~~~~~~~^^
  File "C:\Users\Rakesh\AppData\Local\Programs\Python\Python313\Lib\site-packages\django\template\base.py", line 507, in parse
    self.invalid_block_tag(token, command, parse_until)
    ~~~~~~~~~~~~~~~~~~~~~~^^^^^^^^^^^^^^^^^^^^^^^^^^^^^
  File "C:\Users\Rakesh\AppData\Local\Programs\Python\Python313\Lib\site-packages\django\template\base.py", line 568, in invalid_block_tag
    raise self.error(
    ...<3 lines>...
    )
django.template.exceptions.TemplateSyntaxError: Invalid block tag on line 130: 'else'. Did you forget to register or load this tag?
ERROR 2026-04-28 22:50:26,787 basehttp 32212 27696 "GET /dashboard/ HTTP/1.1" 500 195205
WARNING 2026-04-28 22:50:26,826 log 32212 27696 Not Found: /.well-known/appspecific/com.chrome.devtools.json
WARNING 2026-04-28 22:50:26,828 basehttp 32212 27696 "GET /.well-known/appspecific/com.chrome.devtools.json HTTP/1.1" 404 6787
ERROR 2026-04-28 22:51:46,268 log 32212 27696 Internal Server Error: /dashboard/
Traceback (most recent call last):
  File "C:\Users\Rakesh\AppData\Local\Programs\Python\Python313\Lib\site-packages\django\template\base.py", line 505, in parse
    compile_func = self.tags[command]
                   ~~~~~~~~~^^^^^^^^^
KeyError: 'else'

During handling of the above exception, another exception occurred:

Traceback (most recent call last):
  File "C:\Users\Rakesh\AppData\Local\Programs\Python\Python313\Lib\site-packages\django\core\handlers\exception.py", line 55, in inner
    response = get_response(request)
  File "C:\Users\Rakesh\AppData\Local\Programs\Python\Python313\Lib\site-packages\django\core\handlers\base.py", line 197, in _get_response
    response = wrapped_callback(request, *callback_args, **callback_kwargs)
  File "C:\Users\Rakesh\AppData\Local\Programs\Python\Python313\Lib\site-packages\django\contrib\auth\decorators.py", line 23, in _wrapper_view
    return view_func(request, *args, **kwargs)
  File "C:\Users\Rakesh\Downloads\civiqo_elective_optin\elective_optin\electives\views.py", line 176, in dashboard
    return render(request, 'electives/dashboard.html', context)
  File "C:\Users\Rakesh\AppData\Local\Programs\Python\Python313\Lib\site-packages\django\shortcuts.py", line 24, in render
    content = loader.render_to_string(template_name, context, request, using=using)
  File "C:\Users\Rakesh\AppData\Local\Programs\Python\Python313\Lib\site-packages\django\template\loader.py", line 62, in render_to_string
    return template.render(context, request)
           ~~~~~~~~~~~~~~~^^^^^^^^^^^^^^^^^^
  File "C:\Users\Rakesh\AppData\Local\Programs\Python\Python313\Lib\site-packages\django\template\backends\django.py", line 61, in render
    return self.template.render(context)
           ~~~~~~~~~~~~~~~~~~~~^^^^^^^^^
  File "C:\Users\Rakesh\AppData\Local\Programs\Python\Python313\Lib\site-packages\django\template\base.py", line 175, in render
    return self._render(context)
           ~~~~~~~~~~~~^^^^^^^^^
  File "C:\Users\Rakesh\AppData\Local\Programs\Python\Python313\Lib\site-packages\django\template\base.py", line 167, in _render
    return self.nodelist.render(context)
           ~~~~~~~~~~~~~~~~~~~~^^^^^^^^^
  File "C:\Users\Rakesh\AppData\Local\Programs\Python\Python313\Lib\site-packages\django\template\base.py", line 1005, in render
    return SafeString("".join([node.render_annotated(context) for node in self]))
                               ~~~~~~~~~~~~~~~~~~~~~^^^^^^^^^
  File "C:\Users\Rakesh\AppData\Local\Programs\Python\Python313\Lib\site-packages\django\template\base.py", line 966, in render_annotated
    return self.render(context)
           ~~~~~~~~~~~^^^^^^^^^
  File "C:\Users\Rakesh\AppData\Local\Programs\Python\Python313\Lib\site-packages\django\template\loader_tags.py", line 132, in render
    compiled_parent = self.get_parent(context)
  File "C:\Users\Rakesh\AppData\Local\Programs\Python\Python313\Lib\site-packages\django\template\loader_tags.py", line 129, in get_parent
    return self.find_template(parent, context)
           ~~~~~~~~~~~~~~~~~~^^^^^^^^^^^^^^^^^
  File "C:\Users\Rakesh\AppData\Local\Programs\Python\Python313\Lib\site-packages\django\template\loader_tags.py", line 107, in find_template
    template, origin = context.template.engine.find_template(
                       ~~~~~~~~~~~~~~~~~~~~~~~~~~~~~~~~~~~~~^
        template_name,
        ^^^^^^^^^^^^^^
        skip=history,
        ^^^^^^^^^^^^^
    )
    ^
  File "C:\Users\Rakesh\AppData\Local\Programs\Python\Python313\Lib\site-packages\django\template\engine.py", line 157, in find_template
    template = loader.get_template(name, skip=skip)
  File "C:\Users\Rakesh\AppData\Local\Programs\Python\Python313\Lib\site-packages\django\template\loaders\cached.py", line 57, in get_template
    template = super().get_template(template_name, skip)
  File "C:\Users\Rakesh\AppData\Local\Programs\Python\Python313\Lib\site-packages\django\template\loaders\base.py", line 28, in get_template
    return Template(
        contents,
    ...<2 lines>...
        self.engine,
    )
  File "C:\Users\Rakesh\AppData\Local\Programs\Python\Python313\Lib\site-packages\django\template\base.py", line 154, in __init__
    self.nodelist = self.compile_nodelist()
                    ~~~~~~~~~~~~~~~~~~~~~^^
  File "C:\Users\Rakesh\AppData\Local\Programs\Python\Python313\Lib\site-packages\django\template\base.py", line 200, in compile_nodelist
    return parser.parse()
           ~~~~~~~~~~~~^^
  File "C:\Users\Rakesh\AppData\Local\Programs\Python\Python313\Lib\site-packages\django\template\base.py", line 507, in parse
    self.invalid_block_tag(token, command, parse_until)
    ~~~~~~~~~~~~~~~~~~~~~~^^^^^^^^^^^^^^^^^^^^^^^^^^^^^
  File "C:\Users\Rakesh\AppData\Local\Programs\Python\Python313\Lib\site-packages\django\template\base.py", line 568, in invalid_block_tag
    raise self.error(
    ...<3 lines>...
    )
django.template.exceptions.TemplateSyntaxError: Invalid block tag on line 130: 'else'. Did you forget to register or load this tag?
ERROR 2026-04-28 22:51:46,277 basehttp 32212 27696 "GET /dashboard/ HTTP/1.1" 500 195205
ERROR 2026-04-28 22:51:54,825 log 32212 27696 Internal Server Error: /dashboard/
Traceback (most recent call last):
  File "C:\Users\Rakesh\AppData\Local\Programs\Python\Python313\Lib\site-packages\django\template\base.py", line 505, in parse
    compile_func = self.tags[command]
                   ~~~~~~~~~^^^^^^^^^
KeyError: 'else'

During handling of the above exception, another exception occurred:

Traceback (most recent call last):
  File "C:\Users\Rakesh\AppData\Local\Programs\Python\Python313\Lib\site-packages\django\core\handlers\exception.py", line 55, in inner
    response = get_response(request)
  File "C:\Users\Rakesh\AppData\Local\Programs\Python\Python313\Lib\site-packages\django\core\handlers\base.py", line 197, in _get_response
    response = wrapped_callback(request, *callback_args, **callback_kwargs)
  File "C:\Users\Rakesh\AppData\Local\Programs\Python\Python313\Lib\site-packages\django\contrib\auth\decorators.py", line 23, in _wrapper_view
    return view_func(request, *args, **kwargs)
  File "C:\Users\Rakesh\Downloads\civiqo_elective_optin\elective_optin\electives\views.py", line 176, in dashboard
    return render(request, 'electives/dashboard.html', context)
  File "C:\Users\Rakesh\AppData\Local\Programs\Python\Python313\Lib\site-packages\django\shortcuts.py", line 24, in render
    content = loader.render_to_string(template_name, context, request, using=using)
  File "C:\Users\Rakesh\AppData\Local\Programs\Python\Python313\Lib\site-packages\django\template\loader.py", line 62, in render_to_string
    return template.render(context, request)
           ~~~~~~~~~~~~~~~^^^^^^^^^^^^^^^^^^
  File "C:\Users\Rakesh\AppData\Local\Programs\Python\Python313\Lib\site-packages\django\template\backends\django.py", line 61, in render
    return self.template.render(context)
           ~~~~~~~~~~~~~~~~~~~~^^^^^^^^^
  File "C:\Users\Rakesh\AppData\Local\Programs\Python\Python313\Lib\site-packages\django\template\base.py", line 175, in render
    return self._render(context)
           ~~~~~~~~~~~~^^^^^^^^^
  File "C:\Users\Rakesh\AppData\Local\Programs\Python\Python313\Lib\site-packages\django\template\base.py", line 167, in _render
    return self.nodelist.render(context)
           ~~~~~~~~~~~~~~~~~~~~^^^^^^^^^
  File "C:\Users\Rakesh\AppData\Local\Programs\Python\Python313\Lib\site-packages\django\template\base.py", line 1005, in render
    return SafeString("".join([node.render_annotated(context) for node in self]))
                               ~~~~~~~~~~~~~~~~~~~~~^^^^^^^^^
  File "C:\Users\Rakesh\AppData\Local\Programs\Python\Python313\Lib\site-packages\django\template\base.py", line 966, in render_annotated
    return self.render(context)
           ~~~~~~~~~~~^^^^^^^^^
  File "C:\Users\Rakesh\AppData\Local\Programs\Python\Python313\Lib\site-packages\django\template\loader_tags.py", line 132, in render
    compiled_parent = self.get_parent(context)
  File "C:\Users\Rakesh\AppData\Local\Programs\Python\Python313\Lib\site-packages\django\template\loader_tags.py", line 129, in get_parent
    return self.find_template(parent, context)
           ~~~~~~~~~~~~~~~~~~^^^^^^^^^^^^^^^^^
  File "C:\Users\Rakesh\AppData\Local\Programs\Python\Python313\Lib\site-packages\django\template\loader_tags.py", line 107, in find_template
    template, origin = context.template.engine.find_template(
                       ~~~~~~~~~~~~~~~~~~~~~~~~~~~~~~~~~~~~~^
        template_name,
        ^^^^^^^^^^^^^^
        skip=history,
        ^^^^^^^^^^^^^
    )
    ^
  File "C:\Users\Rakesh\AppData\Local\Programs\Python\Python313\Lib\site-packages\django\template\engine.py", line 157, in find_template
    template = loader.get_template(name, skip=skip)
  File "C:\Users\Rakesh\AppData\Local\Programs\Python\Python313\Lib\site-packages\django\template\loaders\cached.py", line 57, in get_template
    template = super().get_template(template_name, skip)
  File "C:\Users\Rakesh\AppData\Local\Programs\Python\Python313\Lib\site-packages\django\template\loaders\base.py", line 28, in get_template
    return Template(
        contents,
    ...<2 lines>...
        self.engine,
    )
  File "C:\Users\Rakesh\AppData\Local\Programs\Python\Python313\Lib\site-packages\django\template\base.py", line 154, in __init__
    self.nodelist = self.compile_nodelist()
                    ~~~~~~~~~~~~~~~~~~~~~^^
  File "C:\Users\Rakesh\AppData\Local\Programs\Python\Python313\Lib\site-packages\django\template\base.py", line 200, in compile_nodelist
    return parser.parse()
           ~~~~~~~~~~~~^^
  File "C:\Users\Rakesh\AppData\Local\Programs\Python\Python313\Lib\site-packages\django\template\base.py", line 507, in parse
    self.invalid_block_tag(token, command, parse_until)
    ~~~~~~~~~~~~~~~~~~~~~~^^^^^^^^^^^^^^^^^^^^^^^^^^^^^
  File "C:\Users\Rakesh\AppData\Local\Programs\Python\Python313\Lib\site-packages\django\template\base.py", line 568, in invalid_block_tag
    raise self.error(
    ...<3 lines>...
    )
django.template.exceptions.TemplateSyntaxError: Invalid block tag on line 130: 'else'. Did you forget to register or load this tag?
ERROR 2026-04-28 22:51:54,833 basehttp 32212 27696 "GET /dashboard/ HTTP/1.1" 500 195205
WARNING 2026-04-28 22:51:54,880 log 32212 27696 Not Found: /.well-known/appspecific/com.chrome.devtools.json
WARNING 2026-04-28 22:51:54,881 basehttp 32212 27696 "GET /.well-known/appspecific/com.chrome.devtools.json HTTP/1.1" 404 6787
ERROR 2026-04-28 22:57:05,716 log 32212 21812 Internal Server Error: /dashboard/
Traceback (most recent call last):
  File "C:\Users\Rakesh\AppData\Local\Programs\Python\Python313\Lib\site-packages\django\template\base.py", line 505, in parse
    compile_func = self.tags[command]
                   ~~~~~~~~~^^^^^^^^^
KeyError: 'else'

During handling of the above exception, another exception occurred:

Traceback (most recent call last):
  File "C:\Users\Rakesh\AppData\Local\Programs\Python\Python313\Lib\site-packages\django\core\handlers\exception.py", line 55, in inner
    response = get_response(request)
  File "C:\Users\Rakesh\AppData\Local\Programs\Python\Python313\Lib\site-packages\django\core\handlers\base.py", line 197, in _get_response
    response = wrapped_callback(request, *callback_args, **callback_kwargs)
  File "C:\Users\Rakesh\AppData\Local\Programs\Python\Python313\Lib\site-packages\django\contrib\auth\decorators.py", line 23, in _wrapper_view
    return view_func(request, *args, **kwargs)
  File "C:\Users\Rakesh\Downloads\civiqo_elective_optin\elective_optin\electives\views.py", line 176, in dashboard
    return render(request, 'electives/dashboard.html', context)
  File "C:\Users\Rakesh\AppData\Local\Programs\Python\Python313\Lib\site-packages\django\shortcuts.py", line 24, in render
    content = loader.render_to_string(template_name, context, request, using=using)
  File "C:\Users\Rakesh\AppData\Local\Programs\Python\Python313\Lib\site-packages\django\template\loader.py", line 62, in render_to_string
    return template.render(context, request)
           ~~~~~~~~~~~~~~~^^^^^^^^^^^^^^^^^^
  File "C:\Users\Rakesh\AppData\Local\Programs\Python\Python313\Lib\site-packages\django\template\backends\django.py", line 61, in render
    return self.template.render(context)
           ~~~~~~~~~~~~~~~~~~~~^^^^^^^^^
  File "C:\Users\Rakesh\AppData\Local\Programs\Python\Python313\Lib\site-packages\django\template\base.py", line 175, in render
    return self._render(context)
           ~~~~~~~~~~~~^^^^^^^^^
  File "C:\Users\Rakesh\AppData\Local\Programs\Python\Python313\Lib\site-packages\django\template\base.py", line 167, in _render
    return self.nodelist.render(context)
           ~~~~~~~~~~~~~~~~~~~~^^^^^^^^^
  File "C:\Users\Rakesh\AppData\Local\Programs\Python\Python313\Lib\site-packages\django\template\base.py", line 1005, in render
    return SafeString("".join([node.render_annotated(context) for node in self]))
                               ~~~~~~~~~~~~~~~~~~~~~^^^^^^^^^
  File "C:\Users\Rakesh\AppData\Local\Programs\Python\Python313\Lib\site-packages\django\template\base.py", line 966, in render_annotated
    return self.render(context)
           ~~~~~~~~~~~^^^^^^^^^
  File "C:\Users\Rakesh\AppData\Local\Programs\Python\Python313\Lib\site-packages\django\template\loader_tags.py", line 132, in render
    compiled_parent = self.get_parent(context)
  File "C:\Users\Rakesh\AppData\Local\Programs\Python\Python313\Lib\site-packages\django\template\loader_tags.py", line 129, in get_parent
    return self.find_template(parent, context)
           ~~~~~~~~~~~~~~~~~~^^^^^^^^^^^^^^^^^
  File "C:\Users\Rakesh\AppData\Local\Programs\Python\Python313\Lib\site-packages\django\template\loader_tags.py", line 107, in find_template
    template, origin = context.template.engine.find_template(
                       ~~~~~~~~~~~~~~~~~~~~~~~~~~~~~~~~~~~~~^
        template_name,
        ^^^^^^^^^^^^^^
        skip=history,
        ^^^^^^^^^^^^^
    )
    ^
  File "C:\Users\Rakesh\AppData\Local\Programs\Python\Python313\Lib\site-packages\django\template\engine.py", line 157, in find_template
    template = loader.get_template(name, skip=skip)
  File "C:\Users\Rakesh\AppData\Local\Programs\Python\Python313\Lib\site-packages\django\template\loaders\cached.py", line 57, in get_template
    template = super().get_template(template_name, skip)
  File "C:\Users\Rakesh\AppData\Local\Programs\Python\Python313\Lib\site-packages\django\template\loaders\base.py", line 28, in get_template
    return Template(
        contents,
    ...<2 lines>...
        self.engine,
    )
  File "C:\Users\Rakesh\AppData\Local\Programs\Python\Python313\Lib\site-packages\django\template\base.py", line 154, in __init__
    self.nodelist = self.compile_nodelist()
                    ~~~~~~~~~~~~~~~~~~~~~^^
  File "C:\Users\Rakesh\AppData\Local\Programs\Python\Python313\Lib\site-packages\django\template\base.py", line 200, in compile_nodelist
    return parser.parse()
           ~~~~~~~~~~~~^^
  File "C:\Users\Rakesh\AppData\Local\Programs\Python\Python313\Lib\site-packages\django\template\base.py", line 507, in parse
    self.invalid_block_tag(token, command, parse_until)
    ~~~~~~~~~~~~~~~~~~~~~~^^^^^^^^^^^^^^^^^^^^^^^^^^^^^
  File "C:\Users\Rakesh\AppData\Local\Programs\Python\Python313\Lib\site-packages\django\template\base.py", line 568, in invalid_block_tag
    raise self.error(
    ...<3 lines>...
    )
django.template.exceptions.TemplateSyntaxError: Invalid block tag on line 130: 'else'. Did you forget to register or load this tag?
ERROR 2026-04-28 22:57:05,725 basehttp 32212 21812 "GET /dashboard/ HTTP/1.1" 500 195205
WARNING 2026-04-28 22:57:05,815 log 32212 21812 Not Found: /.well-known/appspecific/com.chrome.devtools.json
WARNING 2026-04-28 22:57:05,841 basehttp 32212 21812 "GET /.well-known/appspecific/com.chrome.devtools.json HTTP/1.1" 404 6787
ERROR 2026-04-28 22:57:07,232 log 32212 21812 Internal Server Error: /dashboard/
Traceback (most recent call last):
  File "C:\Users\Rakesh\AppData\Local\Programs\Python\Python313\Lib\site-packages\django\template\base.py", line 505, in parse
    compile_func = self.tags[command]
                   ~~~~~~~~~^^^^^^^^^
KeyError: 'else'

During handling of the above exception, another exception occurred:

Traceback (most recent call last):
  File "C:\Users\Rakesh\AppData\Local\Programs\Python\Python313\Lib\site-packages\django\core\handlers\exception.py", line 55, in inner
    response = get_response(request)
  File "C:\Users\Rakesh\AppData\Local\Programs\Python\Python313\Lib\site-packages\django\core\handlers\base.py", line 197, in _get_response
    response = wrapped_callback(request, *callback_args, **callback_kwargs)
  File "C:\Users\Rakesh\AppData\Local\Programs\Python\Python313\Lib\site-packages\django\contrib\auth\decorators.py", line 23, in _wrapper_view
    return view_func(request, *args, **kwargs)
  File "C:\Users\Rakesh\Downloads\civiqo_elective_optin\elective_optin\electives\views.py", line 176, in dashboard
    return render(request, 'electives/dashboard.html', context)
  File "C:\Users\Rakesh\AppData\Local\Programs\Python\Python313\Lib\site-packages\django\shortcuts.py", line 24, in render
    content = loader.render_to_string(template_name, context, request, using=using)
  File "C:\Users\Rakesh\AppData\Local\Programs\Python\Python313\Lib\site-packages\django\template\loader.py", line 62, in render_to_string
    return template.render(context, request)
           ~~~~~~~~~~~~~~~^^^^^^^^^^^^^^^^^^
  File "C:\Users\Rakesh\AppData\Local\Programs\Python\Python313\Lib\site-packages\django\template\backends\django.py", line 61, in render
    return self.template.render(context)
           ~~~~~~~~~~~~~~~~~~~~^^^^^^^^^
  File "C:\Users\Rakesh\AppData\Local\Programs\Python\Python313\Lib\site-packages\django\template\base.py", line 175, in render
    return self._render(context)
           ~~~~~~~~~~~~^^^^^^^^^
  File "C:\Users\Rakesh\AppData\Local\Programs\Python\Python313\Lib\site-packages\django\template\base.py", line 167, in _render
    return self.nodelist.render(context)
           ~~~~~~~~~~~~~~~~~~~~^^^^^^^^^
  File "C:\Users\Rakesh\AppData\Local\Programs\Python\Python313\Lib\site-packages\django\template\base.py", line 1005, in render
    return SafeString("".join([node.render_annotated(context) for node in self]))
                               ~~~~~~~~~~~~~~~~~~~~~^^^^^^^^^
  File "C:\Users\Rakesh\AppData\Local\Programs\Python\Python313\Lib\site-packages\django\template\base.py", line 966, in render_annotated
    return self.render(context)
           ~~~~~~~~~~~^^^^^^^^^
  File "C:\Users\Rakesh\AppData\Local\Programs\Python\Python313\Lib\site-packages\django\template\loader_tags.py", line 132, in render
    compiled_parent = self.get_parent(context)
  File "C:\Users\Rakesh\AppData\Local\Programs\Python\Python313\Lib\site-packages\django\template\loader_tags.py", line 129, in get_parent
    return self.find_template(parent, context)
           ~~~~~~~~~~~~~~~~~~^^^^^^^^^^^^^^^^^
  File "C:\Users\Rakesh\AppData\Local\Programs\Python\Python313\Lib\site-packages\django\template\loader_tags.py", line 107, in find_template
    template, origin = context.template.engine.find_template(
                       ~~~~~~~~~~~~~~~~~~~~~~~~~~~~~~~~~~~~~^
        template_name,
        ^^^^^^^^^^^^^^
        skip=history,
        ^^^^^^^^^^^^^
    )
    ^
  File "C:\Users\Rakesh\AppData\Local\Programs\Python\Python313\Lib\site-packages\django\template\engine.py", line 157, in find_template
    template = loader.get_template(name, skip=skip)
  File "C:\Users\Rakesh\AppData\Local\Programs\Python\Python313\Lib\site-packages\django\template\loaders\cached.py", line 57, in get_template
    template = super().get_template(template_name, skip)
  File "C:\Users\Rakesh\AppData\Local\Programs\Python\Python313\Lib\site-packages\django\template\loaders\base.py", line 28, in get_template
    return Template(
        contents,
    ...<2 lines>...
        self.engine,
    )
  File "C:\Users\Rakesh\AppData\Local\Programs\Python\Python313\Lib\site-packages\django\template\base.py", line 154, in __init__
    self.nodelist = self.compile_nodelist()
                    ~~~~~~~~~~~~~~~~~~~~~^^
  File "C:\Users\Rakesh\AppData\Local\Programs\Python\Python313\Lib\site-packages\django\template\base.py", line 200, in compile_nodelist
    return parser.parse()
           ~~~~~~~~~~~~^^
  File "C:\Users\Rakesh\AppData\Local\Programs\Python\Python313\Lib\site-packages\django\template\base.py", line 507, in parse
    self.invalid_block_tag(token, command, parse_until)
    ~~~~~~~~~~~~~~~~~~~~~~^^^^^^^^^^^^^^^^^^^^^^^^^^^^^
  File "C:\Users\Rakesh\AppData\Local\Programs\Python\Python313\Lib\site-packages\django\template\base.py", line 568, in invalid_block_tag
    raise self.error(
    ...<3 lines>...
    )
django.template.exceptions.TemplateSyntaxError: Invalid block tag on line 130: 'else'. Did you forget to register or load this tag?
ERROR 2026-04-28 22:57:07,239 basehttp 32212 21812 "GET /dashboard/ HTTP/1.1" 500 195205
WARNING 2026-04-28 22:57:07,272 log 32212 21812 Not Found: /.well-known/appspecific/com.chrome.devtools.json
WARNING 2026-04-28 22:57:07,272 basehttp 32212 21812 "GET /.well-known/appspecific/com.chrome.devtools.json HTTP/1.1" 404 6787
INFO 2026-04-28 22:57:19,366 basehttp 32212 21812 "GET /admin-panel/ HTTP/1.1" 302 0
INFO 2026-04-28 22:57:19,375 basehttp 32212 21812 "GET / HTTP/1.1" 302 0
ERROR 2026-04-28 22:57:19,661 log 32212 21812 Internal Server Error: /dashboard/
Traceback (most recent call last):
  File "C:\Users\Rakesh\AppData\Local\Programs\Python\Python313\Lib\site-packages\django\template\base.py", line 505, in parse
    compile_func = self.tags[command]
                   ~~~~~~~~~^^^^^^^^^
KeyError: 'else'

During handling of the above exception, another exception occurred:

Traceback (most recent call last):
  File "C:\Users\Rakesh\AppData\Local\Programs\Python\Python313\Lib\site-packages\django\core\handlers\exception.py", line 55, in inner
    response = get_response(request)
  File "C:\Users\Rakesh\AppData\Local\Programs\Python\Python313\Lib\site-packages\django\core\handlers\base.py", line 197, in _get_response
    response = wrapped_callback(request, *callback_args, **callback_kwargs)
  File "C:\Users\Rakesh\AppData\Local\Programs\Python\Python313\Lib\site-packages\django\contrib\auth\decorators.py", line 23, in _wrapper_view
    return view_func(request, *args, **kwargs)
  File "C:\Users\Rakesh\Downloads\civiqo_elective_optin\elective_optin\electives\views.py", line 176, in dashboard
    return render(request, 'electives/dashboard.html', context)
  File "C:\Users\Rakesh\AppData\Local\Programs\Python\Python313\Lib\site-packages\django\shortcuts.py", line 24, in render
    content = loader.render_to_string(template_name, context, request, using=using)
  File "C:\Users\Rakesh\AppData\Local\Programs\Python\Python313\Lib\site-packages\django\template\loader.py", line 62, in render_to_string
    return template.render(context, request)
           ~~~~~~~~~~~~~~~^^^^^^^^^^^^^^^^^^
  File "C:\Users\Rakesh\AppData\Local\Programs\Python\Python313\Lib\site-packages\django\template\backends\django.py", line 61, in render
    return self.template.render(context)
           ~~~~~~~~~~~~~~~~~~~~^^^^^^^^^
  File "C:\Users\Rakesh\AppData\Local\Programs\Python\Python313\Lib\site-packages\django\template\base.py", line 175, in render
    return self._render(context)
           ~~~~~~~~~~~~^^^^^^^^^
  File "C:\Users\Rakesh\AppData\Local\Programs\Python\Python313\Lib\site-packages\django\template\base.py", line 167, in _render
    return self.nodelist.render(context)
           ~~~~~~~~~~~~~~~~~~~~^^^^^^^^^
  File "C:\Users\Rakesh\AppData\Local\Programs\Python\Python313\Lib\site-packages\django\template\base.py", line 1005, in render
    return SafeString("".join([node.render_annotated(context) for node in self]))
                               ~~~~~~~~~~~~~~~~~~~~~^^^^^^^^^
  File "C:\Users\Rakesh\AppData\Local\Programs\Python\Python313\Lib\site-packages\django\template\base.py", line 966, in render_annotated
    return self.render(context)
           ~~~~~~~~~~~^^^^^^^^^
  File "C:\Users\Rakesh\AppData\Local\Programs\Python\Python313\Lib\site-packages\django\template\loader_tags.py", line 132, in render
    compiled_parent = self.get_parent(context)
  File "C:\Users\Rakesh\AppData\Local\Programs\Python\Python313\Lib\site-packages\django\template\loader_tags.py", line 129, in get_parent
    return self.find_template(parent, context)
           ~~~~~~~~~~~~~~~~~~^^^^^^^^^^^^^^^^^
  File "C:\Users\Rakesh\AppData\Local\Programs\Python\Python313\Lib\site-packages\django\template\loader_tags.py", line 107, in find_template
    template, origin = context.template.engine.find_template(
                       ~~~~~~~~~~~~~~~~~~~~~~~~~~~~~~~~~~~~~^
        template_name,
        ^^^^^^^^^^^^^^
        skip=history,
        ^^^^^^^^^^^^^
    )
    ^
  File "C:\Users\Rakesh\AppData\Local\Programs\Python\Python313\Lib\site-packages\django\template\engine.py", line 157, in find_template
    template = loader.get_template(name, skip=skip)
  File "C:\Users\Rakesh\AppData\Local\Programs\Python\Python313\Lib\site-packages\django\template\loaders\cached.py", line 57, in get_template
    template = super().get_template(template_name, skip)
  File "C:\Users\Rakesh\AppData\Local\Programs\Python\Python313\Lib\site-packages\django\template\loaders\base.py", line 28, in get_template
    return Template(
        contents,
    ...<2 lines>...
        self.engine,
    )
  File "C:\Users\Rakesh\AppData\Local\Programs\Python\Python313\Lib\site-packages\django\template\base.py", line 154, in __init__
    self.nodelist = self.compile_nodelist()
                    ~~~~~~~~~~~~~~~~~~~~~^^
  File "C:\Users\Rakesh\AppData\Local\Programs\Python\Python313\Lib\site-packages\django\template\base.py", line 200, in compile_nodelist
    return parser.parse()
           ~~~~~~~~~~~~^^
  File "C:\Users\Rakesh\AppData\Local\Programs\Python\Python313\Lib\site-packages\django\template\base.py", line 507, in parse
    self.invalid_block_tag(token, command, parse_until)
    ~~~~~~~~~~~~~~~~~~~~~~^^^^^^^^^^^^^^^^^^^^^^^^^^^^^
  File "C:\Users\Rakesh\AppData\Local\Programs\Python\Python313\Lib\site-packages\django\template\base.py", line 568, in invalid_block_tag
    raise self.error(
    ...<3 lines>...
    )
django.template.exceptions.TemplateSyntaxError: Invalid block tag on line 130: 'else'. Did you forget to register or load this tag?
ERROR 2026-04-28 22:57:19,668 basehttp 32212 21812 "GET /dashboard/ HTTP/1.1" 500 195318
WARNING 2026-04-28 22:57:19,717 log 32212 21812 Not Found: /.well-known/appspecific/com.chrome.devtools.json
WARNING 2026-04-28 22:57:19,718 basehttp 32212 21812 "GET /.well-known/appspecific/com.chrome.devtools.json HTTP/1.1" 404 6787
ERROR 2026-04-28 23:04:48,953 log 32212 31184 Internal Server Error: /dashboard/
Traceback (most recent call last):
  File "C:\Users\Rakesh\AppData\Local\Programs\Python\Python313\Lib\site-packages\django\template\base.py", line 505, in parse
    compile_func = self.tags[command]
                   ~~~~~~~~~^^^^^^^^^
KeyError: 'endif'

During handling of the above exception, another exception occurred:

Traceback (most recent call last):
  File "C:\Users\Rakesh\AppData\Local\Programs\Python\Python313\Lib\site-packages\django\core\handlers\exception.py", line 55, in inner
    response = get_response(request)
  File "C:\Users\Rakesh\AppData\Local\Programs\Python\Python313\Lib\site-packages\django\core\handlers\base.py", line 197, in _get_response
    response = wrapped_callback(request, *callback_args, **callback_kwargs)
  File "C:\Users\Rakesh\AppData\Local\Programs\Python\Python313\Lib\site-packages\django\contrib\auth\decorators.py", line 23, in _wrapper_view
    return view_func(request, *args, **kwargs)
  File "C:\Users\Rakesh\Downloads\civiqo_elective_optin\elective_optin\electives\views.py", line 176, in dashboard
    return render(request, 'electives/dashboard.html', context)
  File "C:\Users\Rakesh\AppData\Local\Programs\Python\Python313\Lib\site-packages\django\shortcuts.py", line 24, in render
    content = loader.render_to_string(template_name, context, request, using=using)
  File "C:\Users\Rakesh\AppData\Local\Programs\Python\Python313\Lib\site-packages\django\template\loader.py", line 62, in render_to_string
    return template.render(context, request)
           ~~~~~~~~~~~~~~~^^^^^^^^^^^^^^^^^^
  File "C:\Users\Rakesh\AppData\Local\Programs\Python\Python313\Lib\site-packages\django\template\backends\django.py", line 61, in render
    return self.template.render(context)
           ~~~~~~~~~~~~~~~~~~~~^^^^^^^^^
  File "C:\Users\Rakesh\AppData\Local\Programs\Python\Python313\Lib\site-packages\django\template\base.py", line 175, in render
    return self._render(context)
           ~~~~~~~~~~~~^^^^^^^^^
  File "C:\Users\Rakesh\AppData\Local\Programs\Python\Python313\Lib\site-packages\django\template\base.py", line 167, in _render
    return self.nodelist.render(context)
           ~~~~~~~~~~~~~~~~~~~~^^^^^^^^^
  File "C:\Users\Rakesh\AppData\Local\Programs\Python\Python313\Lib\site-packages\django\template\base.py", line 1005, in render
    return SafeString("".join([node.render_annotated(context) for node in self]))
                               ~~~~~~~~~~~~~~~~~~~~~^^^^^^^^^
  File "C:\Users\Rakesh\AppData\Local\Programs\Python\Python313\Lib\site-packages\django\template\base.py", line 966, in render_annotated
    return self.render(context)
           ~~~~~~~~~~~^^^^^^^^^
  File "C:\Users\Rakesh\AppData\Local\Programs\Python\Python313\Lib\site-packages\django\template\loader_tags.py", line 132, in render
    compiled_parent = self.get_parent(context)
  File "C:\Users\Rakesh\AppData\Local\Programs\Python\Python313\Lib\site-packages\django\template\loader_tags.py", line 129, in get_parent
    return self.find_template(parent, context)
           ~~~~~~~~~~~~~~~~~~^^^^^^^^^^^^^^^^^
  File "C:\Users\Rakesh\AppData\Local\Programs\Python\Python313\Lib\site-packages\django\template\loader_tags.py", line 107, in find_template
    template, origin = context.template.engine.find_template(
                       ~~~~~~~~~~~~~~~~~~~~~~~~~~~~~~~~~~~~~^
        template_name,
        ^^^^^^^^^^^^^^
        skip=history,
        ^^^^^^^^^^^^^
    )
    ^
  File "C:\Users\Rakesh\AppData\Local\Programs\Python\Python313\Lib\site-packages\django\template\engine.py", line 157, in find_template
    template = loader.get_template(name, skip=skip)
  File "C:\Users\Rakesh\AppData\Local\Programs\Python\Python313\Lib\site-packages\django\template\loaders\cached.py", line 57, in get_template
    template = super().get_template(template_name, skip)
  File "C:\Users\Rakesh\AppData\Local\Programs\Python\Python313\Lib\site-packages\django\template\loaders\base.py", line 28, in get_template
    return Template(
        contents,
    ...<2 lines>...
        self.engine,
    )
  File "C:\Users\Rakesh\AppData\Local\Programs\Python\Python313\Lib\site-packages\django\template\base.py", line 154, in __init__
    self.nodelist = self.compile_nodelist()
                    ~~~~~~~~~~~~~~~~~~~~~^^
  File "C:\Users\Rakesh\AppData\Local\Programs\Python\Python313\Lib\site-packages\django\template\base.py", line 200, in compile_nodelist
    return parser.parse()
           ~~~~~~~~~~~~^^
  File "C:\Users\Rakesh\AppData\Local\Programs\Python\Python313\Lib\site-packages\django\template\base.py", line 507, in parse
    self.invalid_block_tag(token, command, parse_until)
    ~~~~~~~~~~~~~~~~~~~~~~^^^^^^^^^^^^^^^^^^^^^^^^^^^^^
  File "C:\Users\Rakesh\AppData\Local\Programs\Python\Python313\Lib\site-packages\django\template\base.py", line 568, in invalid_block_tag
    raise self.error(
    ...<3 lines>...
    )
django.template.exceptions.TemplateSyntaxError: Invalid block tag on line 130: 'endif'. Did you forget to register or load this tag?
ERROR 2026-04-28 23:04:48,959 basehttp 32212 31184 "GET /dashboard/ HTTP/1.1" 500 196031
WARNING 2026-04-28 23:04:48,994 log 32212 31184 Not Found: /.well-known/appspecific/com.chrome.devtools.json
WARNING 2026-04-28 23:04:48,995 basehttp 32212 31184 "GET /.well-known/appspecific/com.chrome.devtools.json HTTP/1.1" 404 6787
INFO 2026-04-28 23:08:00,624 basehttp 32212 31184 "GET /dashboard/ HTTP/1.1" 200 17619
WARNING 2026-04-28 23:08:00,671 log 32212 31184 Not Found: /.well-known/appspecific/com.chrome.devtools.json
WARNING 2026-04-28 23:08:00,673 basehttp 32212 31184 "GET /.well-known/appspecific/com.chrome.devtools.json HTTP/1.1" 404 6787
INFO 2026-04-28 23:08:00,787 basehttp 32212 34232 "GET /static/css/styles.css HTTP/1.1" 200 35905
INFO 2026-04-28 23:08:08,122 basehttp 32212 34232 "GET /dashboard/ HTTP/1.1" 200 17306
WARNING 2026-04-28 23:08:08,152 log 32212 34232 Not Found: /.well-known/appspecific/com.chrome.devtools.json
WARNING 2026-04-28 23:08:08,152 basehttp 32212 34232 "GET /.well-known/appspecific/com.chrome.devtools.json HTTP/1.1" 404 6787
INFO 2026-04-28 23:08:12,868 basehttp 32212 34232 "GET /preferences/ HTTP/1.1" 200 15939
WARNING 2026-04-28 23:08:12,908 log 32212 34232 Not Found: /.well-known/appspecific/com.chrome.devtools.json
WARNING 2026-04-28 23:08:12,909 basehttp 32212 34232 "GET /.well-known/appspecific/com.chrome.devtools.json HTTP/1.1" 404 6787
INFO 2026-04-28 23:08:31,394 basehttp 32212 34232 "GET / HTTP/1.1" 302 0
INFO 2026-04-28 23:08:31,441 basehttp 32212 34232 "GET /dashboard/ HTTP/1.1" 200 17306
INFO 2026-04-28 23:08:32,622 basehttp 32212 34232 "GET /catalog/ HTTP/1.1" 200 68139
INFO 2026-04-28 23:08:32,659 basehttp 32212 34232 "GET /api/seats/?ids=5,6,12,1,2,3,4,7,8,9,10,15,13,14,11 HTTP/1.1" 200 786
INFO 2026-04-28 23:08:41,555 basehttp 32212 34232 "GET /courses/23AIT501/ HTTP/1.1" 200 9526
INFO 2026-04-28 23:08:41,592 basehttp 32212 34232 "GET /api/seats/5/ HTTP/1.1" 200 73
INFO 2026-04-28 23:08:56,600 basehttp 32212 34232 "GET /api/seats/5/ HTTP/1.1" 200 73
INFO 2026-04-28 23:08:57,215 basehttp 32212 34232 "GET /dashboard/ HTTP/1.1" 200 17306
INFO 2026-04-28 23:09:02,589 basehttp 32212 34232 "GET /catalog/ HTTP/1.1" 200 68139
INFO 2026-04-28 23:09:02,622 basehttp 32212 34232 "GET /api/seats/?ids=5,6,12,1,2,3,4,7,8,9,10,15,13,14,11 HTTP/1.1" 200 786
INFO 2026-04-28 23:09:05,663 basehttp 32212 34232 "GET /courses/23CST502/ HTTP/1.1" 200 10062
INFO 2026-04-28 23:09:05,712 basehttp 32212 34232 "GET /api/seats/2/ HTTP/1.1" 200 72
INFO 2026-04-28 23:09:12,993 basehttp 32212 34232 "GET /logout/ HTTP/1.1" 302 0
INFO 2026-04-28 23:09:13,044 basehttp 32212 34232 "GET / HTTP/1.1" 200 23414
INFO 2026-04-28 23:09:15,565 basehttp 32212 34232 "GET /login/ HTTP/1.1" 200 4314
INFO 2026-04-28 23:09:23,046 basehttp 32212 34232 "POST /login/ HTTP/1.1" 302 0
INFO 2026-04-28 23:09:23,059 basehttp 32212 34232 "GET /dashboard/ HTTP/1.1" 302 0
INFO 2026-04-28 23:09:23,089 basehttp 32212 34232 "GET /admin-panel/ HTTP/1.1" 200 26888
INFO 2026-04-28 23:09:42,871 basehttp 32212 34232 "GET /admin/diagnostic/ HTTP/1.1" 200 12734
INFO 2026-04-28 23:10:19,349 basehttp 32212 5208 "GET /logout/ HTTP/1.1" 302 0
INFO 2026-04-28 23:10:19,368 basehttp 32212 5208 "GET / HTTP/1.1" 200 23388
INFO 2026-04-28 23:10:40,212 basehttp 34068 31068 "GET / HTTP/1.1" 200 23098
INFO 2026-04-28 23:10:41,728 basehttp 34068 31068 "GET / HTTP/1.1" 200 23092
INFO 2026-04-28 23:10:46,766 basehttp 34068 31068 "GET / HTTP/1.1" 200 23079
INFO 2026-04-28 23:11:22,953 basehttp 34068 31068 "GET / HTTP/1.1" 200 23085
INFO 2026-04-28 23:11:31,664 basehttp 34068 31068 "GET /catalog/ HTTP/1.1" 200 67412
INFO 2026-04-28 23:11:31,684 basehttp 34068 31068 "GET /static/css/styles.css HTTP/1.1" 304 0
INFO 2026-04-28 23:11:31,740 basehttp 34068 31068 "GET /api/seats/?ids=5,6,12,1,2,3,4,7,8,9,10,15,13,14,11 HTTP/1.1" 200 786
INFO 2026-04-28 23:11:35,333 basehttp 34068 31068 "GET / HTTP/1.1" 200 23096
INFO 2026-04-28 23:11:44,874 basehttp 34068 31068 "GET /login/ HTTP/1.1" 200 4314
INFO 2026-04-28 23:11:47,930 basehttp 34068 31068 "GET / HTTP/1.1" 200 23109
INFO 2026-04-28 23:11:49,458 basehttp 34068 31068 "GET /register/ HTTP/1.1" 200 7762
INFO 2026-04-28 23:11:52,366 basehttp 34068 31068 "GET / HTTP/1.1" 200 23095
INFO 2026-04-28 23:12:08,862 basehttp 34068 31068 "GET / HTTP/1.1" 200 23079
INFO 2026-04-28 23:12:43,053 basehttp 34068 31560 "GET / HTTP/1.1" 200 23080
INFO 2026-04-28 23:12:43,156 basehttp 34068 31560 "GET /static/css/styles.css HTTP/1.1" 200 35905
WARNING 2026-04-28 23:12:44,030 log 34068 31560 Not Found: /favicon.ico
WARNING 2026-04-28 23:12:44,031 basehttp 34068 31560 "GET /favicon.ico HTTP/1.1" 404 6676
INFO 2026-04-28 23:33:37,221 autoreload 34068 25296 C:\Users\Rakesh\Downloads\civiqo_elective_optin\elective_optin\electives\views.py changed, reloading.
INFO 2026-04-28 23:33:38,102 autoreload 12600 34056 Watching for file changes with StatReloader
INFO 2026-04-28 23:34:31,760 autoreload 12600 34056 C:\Users\Rakesh\Downloads\civiqo_elective_optin\elective_optin\electives\views.py changed, reloading.
INFO 2026-04-28 23:34:32,326 autoreload 34544 38248 Watching for file changes with StatReloader
INFO 2026-04-28 23:41:17,328 basehttp 34544 35808 "POST /login/ HTTP/1.1" 302 0
INFO 2026-04-28 23:41:17,342 basehttp 34544 35808 "GET /dashboard/ HTTP/1.1" 302 0
INFO 2026-04-28 23:41:17,418 basehttp 34544 35808 "GET /admin-panel/ HTTP/1.1" 200 26888
INFO 2026-04-28 23:41:17,581 basehttp 34544 35808 "GET /static/css/styles.css HTTP/1.1" 200 41686
INFO 2026-04-28 23:41:27,365 basehttp 34544 35808 "GET / HTTP/1.1" 302 0
INFO 2026-04-28 23:41:27,387 basehttp 34544 35808 "GET /dashboard/ HTTP/1.1" 302 0
INFO 2026-04-28 23:41:27,438 basehttp 34544 35808 "GET /admin-panel/ HTTP/1.1" 200 26571
INFO 2026-04-28 23:41:33,588 basehttp 34544 35808 "GET /admin/diagnostic/ HTTP/1.1" 200 12734
INFO 2026-04-28 23:41:36,226 basehttp 34544 35808 "GET /admin/diagnostic/ HTTP/1.1" 200 12734
INFO 2026-04-28 23:41:38,507 basehttp 34544 35808 "GET /logout/ HTTP/1.1" 302 0
INFO 2026-04-28 23:41:38,564 basehttp 34544 35808 "GET / HTTP/1.1" 200 22343
INFO 2026-04-28 23:42:05,878 basehttp 34544 35808 "GET /login/ HTTP/1.1" 200 4314
INFO 2026-04-28 23:46:59,544 autoreload 13096 34324 Watching for file changes with StatReloader
INFO 2026-04-28 23:47:03,016 basehttp 34544 35808 "GET / HTTP/1.1" 200 22020
INFO 2026-04-28 23:47:03,078 basehttp 34544 35808 "GET /static/css/styles.css HTTP/1.1" 304 0
INFO 2026-04-28 23:47:10,658 basehttp 34544 35808 "GET /catalog/ HTTP/1.1" 200 67488
INFO 2026-04-28 23:47:10,754 basehttp 34544 35808 "GET /api/seats/?ids=5,6,12,1,2,3,4,7,8,9,10,15,13,14,11 HTTP/1.1" 200 786
INFO 2026-04-28 23:47:16,254 basehttp 34544 35808 "GET /courses/23ITT502/ HTTP/1.1" 200 9065
INFO 2026-04-28 23:47:16,294 basehttp 34544 35808 "GET /api/seats/14/ HTTP/1.1" 200 72
INFO 2026-04-28 23:47:31,948 basehttp 34544 35808 "GET /api/seats/14/ HTTP/1.1" 200 72
INFO 2026-04-28 23:47:46,941 basehttp 34544 35808 "GET /api/seats/14/ HTTP/1.1" 200 72
INFO 2026-04-28 23:48:01,946 basehttp 34544 35808 "GET /api/seats/14/ HTTP/1.1" 200 72
INFO 2026-04-28 23:48:16,293 basehttp 34544 35808 "GET /api/seats/14/ HTTP/1.1" 200 72
INFO 2026-04-28 23:48:17,464 basehttp 34544 35808 "GET /catalog/ HTTP/1.1" 200 67488
INFO 2026-04-28 23:48:17,512 basehttp 34544 35808 "GET /api/seats/?ids=5,6,12,1,2,3,4,7,8,9,10,15,13,14,11 HTTP/1.1" 200 786
INFO 2026-04-28 23:48:20,697 basehttp 34544 35808 "GET / HTTP/1.1" 200 22014
INFO 2026-04-28 23:52:37,838 autoreload 13096 34324 C:\Users\Rakesh\Downloads\civiqo_elective_optin\elective_optin\electives\utils.py changed, reloading.
INFO 2026-04-28 23:52:37,846 autoreload 34544 38248 C:\Users\Rakesh\Downloads\civiqo_elective_optin\elective_optin\electives\utils.py changed, reloading.
INFO 2026-04-28 23:52:38,357 autoreload 10360 37960 Watching for file changes with StatReloader
INFO 2026-04-28 23:52:38,359 autoreload 15932 24584 Watching for file changes with StatReloader
INFO 2026-04-28 23:56:42,117 basehttp 10360 18364 "GET / HTTP/1.1" 200 22011
INFO 2026-04-28 23:56:42,246 basehttp 10360 18364 "GET /static/css/styles.css HTTP/1.1" 200 41979
INFO 2026-04-28 23:56:58,781 basehttp 10360 18364 "GET /courses/23CST501/ HTTP/1.1" 200 9809
INFO 2026-04-28 23:56:58,834 basehttp 10360 18364 "GET /api/seats/1/ HTTP/1.1" 200 72
INFO 2026-04-28 23:57:02,538 basehttp 10360 18364 "GET /login/?next=/courses/23CST501/ HTTP/1.1" 200 4314
INFO 2026-04-28 23:57:52,883 basehttp 10360 18364 "GET /login/?next=/courses/23CST501/ HTTP/1.1" 200 4314
INFO 2026-04-28 23:57:52,931 basehttp 10360 18364 "GET /static/css/styles.css HTTP/1.1" 304 0
INFO 2026-04-28 23:59:34,671 basehttp 10360 18364 "GET / HTTP/1.1" 200 22010
INFO 2026-04-28 23:59:34,706 basehttp 10360 18364 "GET /static/css/styles.css HTTP/1.1" 304 0
INFO 2026-04-29 00:00:17,568 basehttp 10360 18364 "GET / HTTP/1.1" 200 21990
INFO 2026-04-29 00:01:31,148 basehttp 10360 18364 "GET /catalog/ HTTP/1.1" 200 67558
INFO 2026-04-29 00:01:31,178 basehttp 10360 18364 "GET /static/css/styles.css HTTP/1.1" 304 0
INFO 2026-04-29 00:01:31,228 basehttp 10360 18364 "GET /api/seats/?ids=5,6,12,1,2,3,4,7,8,9,10,15,13,14,11 HTTP/1.1" 200 786
INFO 2026-04-29 00:01:37,430 basehttp 10360 18364 "GET /catalog/?q=&category=&department=&level= HTTP/1.1" 200 67558
INFO 2026-04-29 00:01:37,545 basehttp 10360 18364 "GET /api/seats/?ids=5,6,12,1,2,3,4,7,8,9,10,15,13,14,11 HTTP/1.1" 200 786
INFO 2026-04-29 00:01:57,538 basehttp 10360 18364 "GET /api/seats/?ids=5,6,12,1,2,3,4,7,8,9,10,15,13,14,11 HTTP/1.1" 200 786
INFO 2026-04-29 00:02:18,037 basehttp 10360 18364 "GET /api/seats/?ids=5,6,12,1,2,3,4,7,8,9,10,15,13,14,11 HTTP/1.1" 200 786
INFO 2026-04-29 00:02:38,036 basehttp 10360 18364 "GET /api/seats/?ids=5,6,12,1,2,3,4,7,8,9,10,15,13,14,11 HTTP/1.1" 200 786
INFO 2026-04-29 00:02:58,043 basehttp 10360 18364 "GET /api/seats/?ids=5,6,12,1,2,3,4,7,8,9,10,15,13,14,11 HTTP/1.1" 200 786
INFO 2026-04-29 00:03:18,041 basehttp 10360 18364 "GET /api/seats/?ids=5,6,12,1,2,3,4,7,8,9,10,15,13,14,11 HTTP/1.1" 200 786
INFO 2026-04-29 00:03:38,030 basehttp 10360 18364 "GET /api/seats/?ids=5,6,12,1,2,3,4,7,8,9,10,15,13,14,11 HTTP/1.1" 200 786
INFO 2026-04-29 00:03:58,030 basehttp 10360 18364 "GET /api/seats/?ids=5,6,12,1,2,3,4,7,8,9,10,15,13,14,11 HTTP/1.1" 200 786
INFO 2026-04-29 00:04:59,032 basehttp 10360 18364 "GET /api/seats/?ids=5,6,12,1,2,3,4,7,8,9,10,15,13,14,11 HTTP/1.1" 200 786
INFO 2026-04-29 00:06:00,042 basehttp 10360 18364 "GET /api/seats/?ids=5,6,12,1,2,3,4,7,8,9,10,15,13,14,11 HTTP/1.1" 200 786
INFO 2026-04-29 00:07:01,027 basehttp 10360 18364 "GET /api/seats/?ids=5,6,12,1,2,3,4,7,8,9,10,15,13,14,11 HTTP/1.1" 200 786
INFO 2026-04-29 00:08:02,027 basehttp 10360 18364 "GET /api/seats/?ids=5,6,12,1,2,3,4,7,8,9,10,15,13,14,11 HTTP/1.1" 200 786
INFO 2026-04-29 00:09:03,020 basehttp 10360 18364 "GET /api/seats/?ids=5,6,12,1,2,3,4,7,8,9,10,15,13,14,11 HTTP/1.1" 200 786
INFO 2026-04-29 00:10:04,023 basehttp 10360 18364 "GET /api/seats/?ids=5,6,12,1,2,3,4,7,8,9,10,15,13,14,11 HTTP/1.1" 200 786
INFO 2026-04-29 00:11:05,041 basehttp 10360 13716 "GET /api/seats/?ids=5,6,12,1,2,3,4,7,8,9,10,15,13,14,11 HTTP/1.1" 200 786
INFO 2026-04-29 00:12:06,020 basehttp 10360 13716 "GET /api/seats/?ids=5,6,12,1,2,3,4,7,8,9,10,15,13,14,11 HTTP/1.1" 200 786
INFO 2026-04-29 00:13:07,035 basehttp 10360 13716 "GET /api/seats/?ids=5,6,12,1,2,3,4,7,8,9,10,15,13,14,11 HTTP/1.1" 200 786
INFO 2026-04-29 00:14:08,035 basehttp 10360 13716 "GET /api/seats/?ids=5,6,12,1,2,3,4,7,8,9,10,15,13,14,11 HTTP/1.1" 200 786
INFO 2026-04-29 00:15:09,032 basehttp 10360 13716 "GET /api/seats/?ids=5,6,12,1,2,3,4,7,8,9,10,15,13,14,11 HTTP/1.1" 200 786
INFO 2026-04-29 00:16:09,023 basehttp 10360 13716 "GET /api/seats/?ids=5,6,12,1,2,3,4,7,8,9,10,15,13,14,11 HTTP/1.1" 200 786
INFO 2026-04-29 00:17:09,041 basehttp 10360 13716 "GET /api/seats/?ids=5,6,12,1,2,3,4,7,8,9,10,15,13,14,11 HTTP/1.1" 200 786
INFO 2026-04-29 00:18:09,041 basehttp 10360 13716 "GET /api/seats/?ids=5,6,12,1,2,3,4,7,8,9,10,15,13,14,11 HTTP/1.1" 200 786
INFO 2026-04-29 00:18:53,714 autoreload 15932 24584 C:\Users\Rakesh\Downloads\civiqo_elective_optin\elective_optin\electives\utils.py changed, reloading.
INFO 2026-04-29 00:18:53,728 autoreload 10360 37960 C:\Users\Rakesh\Downloads\civiqo_elective_optin\elective_optin\electives\utils.py changed, reloading.
INFO 2026-04-29 00:18:54,373 autoreload 34020 33920 Watching for file changes with StatReloader
INFO 2026-04-29 00:18:54,396 autoreload 6284 10616 Watching for file changes with StatReloader
INFO 2026-04-29 00:19:09,050 basehttp 6284 27912 "GET /api/seats/?ids=5,6,12,1,2,3,4,7,8,9,10,15,13,14,11 HTTP/1.1" 200 786
INFO 2026-04-29 00:19:12,739 autoreload 6284 10616 C:\Users\Rakesh\Downloads\civiqo_elective_optin\elective_optin\electives\utils.py changed, reloading.
INFO 2026-04-29 00:19:13,131 autoreload 34020 33920 C:\Users\Rakesh\Downloads\civiqo_elective_optin\elective_optin\electives\utils.py changed, reloading.
INFO 2026-04-29 00:19:13,320 autoreload 29636 41868 Watching for file changes with StatReloader
INFO 2026-04-29 00:19:13,683 autoreload 38448 38012 Watching for file changes with StatReloader
INFO 2026-04-29 00:20:09,052 basehttp 29636 32688 "GET /api/seats/?ids=5,6,12,1,2,3,4,7,8,9,10,15,13,14,11 HTTP/1.1" 200 786
INFO 2026-04-29 00:21:09,028 basehttp 29636 32688 "GET /api/seats/?ids=5,6,12,1,2,3,4,7,8,9,10,15,13,14,11 HTTP/1.1" 200 786
INFO 2026-04-29 00:22:09,028 basehttp 29636 32688 "GET /api/seats/?ids=5,6,12,1,2,3,4,7,8,9,10,15,13,14,11 HTTP/1.1" 200 786
INFO 2026-04-29 00:27:36,246 basehttp 29636 17904 "GET /api/seats/?ids=5,6,12,1,2,3,4,7,8,9,10,15,13,14,11 HTTP/1.1" 200 786
INFO 2026-04-29 00:28:09,043 basehttp 29636 17904 "GET /api/seats/?ids=5,6,12,1,2,3,4,7,8,9,10,15,13,14,11 HTTP/1.1" 200 786
INFO 2026-04-29 00:28:36,707 autoreload 29636 41868 C:\Users\Rakesh\Downloads\civiqo_elective_optin\elective_optin\electives\views.py changed, reloading.
INFO 2026-04-29 00:28:36,710 autoreload 38448 38012 C:\Users\Rakesh\Downloads\civiqo_elective_optin\elective_optin\electives\views.py changed, reloading.
INFO 2026-04-29 00:28:37,216 autoreload 36584 30608 Watching for file changes with StatReloader
INFO 2026-04-29 00:28:37,219 autoreload 40060 28872 Watching for file changes with StatReloader
INFO 2026-04-29 00:29:09,050 basehttp 36584 41596 "GET /api/seats/?ids=5,6,12,1,2,3,4,7,8,9,10,15,13,14,11 HTTP/1.1" 200 786
INFO 2026-04-29 00:30:09,028 basehttp 36584 41596 "GET /api/seats/?ids=5,6,12,1,2,3,4,7,8,9,10,15,13,14,11 HTTP/1.1" 200 786
INFO 2026-04-29 00:30:13,053 autoreload 40060 28872 C:\Users\Rakesh\Downloads\civiqo_elective_optin\elective_optin\electives\utils.py changed, reloading.
INFO 2026-04-29 00:30:13,261 autoreload 36584 30608 C:\Users\Rakesh\Downloads\civiqo_elective_optin\elective_optin\electives\utils.py changed, reloading.
INFO 2026-04-29 00:30:13,533 autoreload 34032 34440 Watching for file changes with StatReloader
INFO 2026-04-29 00:30:13,727 autoreload 6036 41456 Watching for file changes with StatReloader
INFO 2026-04-29 00:31:09,054 basehttp 34032 34464 "GET /api/seats/?ids=5,6,12,1,2,3,4,7,8,9,10,15,13,14,11 HTTP/1.1" 200 786
INFO 2026-04-29 00:32:09,042 basehttp 34032 34464 "GET /api/seats/?ids=5,6,12,1,2,3,4,7,8,9,10,15,13,14,11 HTTP/1.1" 200 786
INFO 2026-04-29 00:33:09,033 basehttp 34032 34464 "GET /api/seats/?ids=5,6,12,1,2,3,4,7,8,9,10,15,13,14,11 HTTP/1.1" 200 786
INFO 2026-04-29 00:37:17,553 basehttp 34032 38160 "GET /api/seats/?ids=5,6,12,1,2,3,4,7,8,9,10,15,13,14,11 HTTP/1.1" 200 786
INFO 2026-04-29 00:40:28,340 basehttp 34032 19492 "GET /api/seats/?ids=5,6,12,1,2,3,4,7,8,9,10,15,13,14,11 HTTP/1.1" 200 786
INFO 2026-04-29 00:41:09,063 basehttp 34032 7944 "GET /api/seats/?ids=5,6,12,1,2,3,4,7,8,9,10,15,13,14,11 HTTP/1.1" 200 786
INFO 2026-04-29 00:42:09,029 basehttp 34032 7944 "GET /api/seats/?ids=5,6,12,1,2,3,4,7,8,9,10,15,13,14,11 HTTP/1.1" 200 786
INFO 2026-04-29 00:43:09,038 basehttp 34032 7944 "GET /api/seats/?ids=5,6,12,1,2,3,4,7,8,9,10,15,13,14,11 HTTP/1.1" 200 786
INFO 2026-04-29 00:44:03,322 basehttp 34032 7944 "GET /api/seats/?ids=5,6,12,1,2,3,4,7,8,9,10,15,13,14,11 HTTP/1.1" 200 786
INFO 2026-04-29 00:44:08,144 basehttp 34032 7944 "GET /catalog/ HTTP/1.1" 200 68150
INFO 2026-04-29 00:44:08,494 basehttp 34032 7944 "GET /static/css/styles.css HTTP/1.1" 200 42461
INFO 2026-04-29 00:44:08,507 basehttp 34032 29852 "GET /static/js/ajax_seats.js HTTP/1.1" 200 2524
INFO 2026-04-29 00:44:08,556 basehttp 34032 29852 "GET /api/seats/?ids=5,6,12,1,2,3,4,7,8,9,10,15,13,14,11 HTTP/1.1" 200 786
INFO 2026-04-29 00:44:15,099 basehttp 34032 29852 "GET /login/ HTTP/1.1" 200 4314
INFO 2026-04-29 00:44:22,268 basehttp 34032 29852 "POST /login/ HTTP/1.1" 302 0
INFO 2026-04-29 00:44:22,357 basehttp 34032 29852 "GET /dashboard/ HTTP/1.1" 200 18019
INFO 2026-04-29 00:44:40,674 basehttp 34032 29852 "GET /preferences/ HTTP/1.1" 200 15928
INFO 2026-04-29 00:45:12,278 basehttp 34032 29852 "GET /dashboard/ HTTP/1.1" 200 17701
INFO 2026-04-29 00:45:18,327 basehttp 34032 29852 "GET /catalog/ HTTP/1.1" 200 70619
INFO 2026-04-29 00:45:18,433 basehttp 34032 29852 "GET /api/seats/?ids=5,6,12,1,2,3,4,7,8,9,10,15,13,14,11 HTTP/1.1" 200 786
INFO 2026-04-29 00:45:21,241 basehttp 34032 29852 "GET /preferences/ HTTP/1.1" 200 15928
INFO 2026-04-29 00:45:25,055 basehttp 34032 29852 "GET /dashboard/ HTTP/1.1" 200 17701
INFO 2026-04-29 00:45:32,528 basehttp 34032 29852 "GET /logout/ HTTP/1.1" 302 0
INFO 2026-04-29 00:45:32,564 basehttp 34032 29852 "GET / HTTP/1.1" 200 22308
INFO 2026-04-29 00:45:44,007 basehttp 34032 29852 "GET /login/ HTTP/1.1" 200 4314
INFO 2026-04-29 00:45:49,493 basehttp 34032 29852 "POST /login/ HTTP/1.1" 302 0
INFO 2026-04-29 00:45:49,513 basehttp 34032 29852 "GET /dashboard/ HTTP/1.1" 302 0
INFO 2026-04-29 00:45:49,556 basehttp 34032 29852 "GET /admin-panel/ HTTP/1.1" 200 27107
INFO 2026-04-29 00:45:55,835 basehttp 34032 29852 "POST /admin/run/ HTTP/1.1" 200 143
INFO 2026-04-29 00:45:57,923 basehttp 34032 29852 "GET /admin-panel/ HTTP/1.1" 200 27312
INFO 2026-04-29 00:46:19,792 basehttp 34032 29852 "GET /logout/ HTTP/1.1" 302 0
INFO 2026-04-29 00:46:19,834 basehttp 34032 29852 "GET / HTTP/1.1" 200 22243
INFO 2026-04-29 00:46:22,158 basehttp 34032 29852 "GET /login/ HTTP/1.1" 200 4314
INFO 2026-04-29 00:46:26,539 basehttp 34032 29852 "POST /login/ HTTP/1.1" 302 0
INFO 2026-04-29 00:46:26,573 basehttp 34032 29852 "GET /dashboard/ HTTP/1.1" 200 18019
INFO 2026-04-29 00:46:45,613 basehttp 34032 29852 "GET /logout/ HTTP/1.1" 302 0
INFO 2026-04-29 00:46:45,639 basehttp 34032 29852 "GET / HTTP/1.1" 200 22257
INFO 2026-04-29 00:46:47,937 basehttp 34032 29852 "GET /login/ HTTP/1.1" 200 4314
INFO 2026-04-29 00:47:09,161 basehttp 34032 29852 "POST /login/ HTTP/1.1" 200 4665
INFO 2026-04-29 00:47:09,226 basehttp 34032 29852 "GET /static/css/styles.css HTTP/1.1" 304 0
INFO 2026-04-29 00:48:00,323 basehttp 34032 29852 "POST /login/ HTTP/1.1" 200 4665
INFO 2026-04-29 00:48:10,553 basehttp 34032 29852 "POST /login/ HTTP/1.1" 302 0
INFO 2026-04-29 00:48:10,567 basehttp 34032 29852 "GET /dashboard/ HTTP/1.1" 302 0
INFO 2026-04-29 00:48:10,593 basehttp 34032 29852 "GET /admin-panel/ HTTP/1.1" 200 27629
INFO 2026-04-29 00:48:26,004 basehttp 34032 29852 "GET /admin/csv-upload/ HTTP/1.1" 200 17441
INFO 2026-04-29 00:48:45,448 basehttp 34032 29852 "GET /admin/diagnostic/ HTTP/1.1" 200 12731
INFO 2026-04-29 00:59:58,115 basehttp 34032 32376 "GET /admin/diagnostic/ HTTP/1.1" 200 12806
INFO 2026-04-29 00:59:58,136 basehttp 34032 34748 "GET /static/css/styles.css HTTP/1.1" 200 42968
WARNING 2026-04-29 00:59:58,150 basehttp 34032 32376 "GET /static/logo.svg HTTP/1.1" 404 1783
INFO 2026-04-29 01:00:11,195 basehttp 34032 34748 "GET /admin/diagnostic/ HTTP/1.1" 200 12806
WARNING 2026-04-29 01:00:11,238 basehttp 34032 34748 "GET /static/logo.svg HTTP/1.1" 404 1783
INFO 2026-04-29 01:00:31,001 basehttp 34032 36312 "GET /admin/diagnostic/ HTTP/1.1" 200 12806
INFO 2026-04-29 01:00:31,021 basehttp 34032 9488 "GET /static/css/styles.css HTTP/1.1" 304 0
INFO 2026-04-29 01:00:31,023 basehttp 34032 36312 "GET /static/logo.png HTTP/1.1" 200 77526
INFO 2026-04-29 01:00:37,274 basehttp 34032 36312 "GET /catalog/ HTTP/1.1" 200 70098
INFO 2026-04-29 01:00:37,297 basehttp 34032 36312 "GET /static/js/ajax_seats.js HTTP/1.1" 304 0
INFO 2026-04-29 01:00:37,310 basehttp 34032 36312 "GET /api/seats/?ids=5,6,12,1,2,3,4,7,8,9,10,15,13,14,11 HTTP/1.1" 200 784
INFO 2026-04-29 01:00:58,037 basehttp 34032 36312 "GET /api/seats/?ids=5,6,12,1,2,3,4,7,8,9,10,15,13,14,11 HTTP/1.1" 200 784
INFO 2026-04-29 01:01:18,032 basehttp 34032 36312 "GET /api/seats/?ids=5,6,12,1,2,3,4,7,8,9,10,15,13,14,11 HTTP/1.1" 200 784
INFO 2026-04-29 01:01:38,031 basehttp 34032 36312 "GET /api/seats/?ids=5,6,12,1,2,3,4,7,8,9,10,15,13,14,11 HTTP/1.1" 200 784
INFO 2026-04-29 01:01:57,322 basehttp 34032 36312 "GET /api/seats/?ids=5,6,12,1,2,3,4,7,8,9,10,15,13,14,11 HTTP/1.1" 200 784
INFO 2026-04-29 01:02:04,417 basehttp 34032 36312 "GET /logout/ HTTP/1.1" 302 0
INFO 2026-04-29 01:02:04,450 basehttp 34032 36312 "GET / HTTP/1.1" 200 22364
INFO 2026-04-29 01:02:04,476 basehttp 34032 9488 "GET /static/logo.png HTTP/1.1" 304 0
INFO 2026-04-29 01:02:04,478 basehttp 34032 36312 "GET /static/css/styles.css HTTP/1.1" 200 43017
INFO 2026-04-29 01:03:20,123 basehttp 34032 36312 "GET / HTTP/1.1" 200 22035
INFO 2026-04-29 01:03:20,148 basehttp 34032 36312 "GET /static/css/styles.css HTTP/1.1" 304 0
INFO 2026-04-29 01:03:20,153 basehttp 34032 9488 "GET /static/logo.png HTTP/1.1" 200 269584
INFO 2026-04-29 01:03:41,474 basehttp 34032 9488 "GET /static/css/styles.css HTTP/1.1" 200 43415
WARNING 2026-04-29 01:03:41,497 log 34032 9488 Not Found: /.well-known/appspecific/com.chrome.devtools.json
WARNING 2026-04-29 01:03:41,498 basehttp 34032 9488 "GET /.well-known/appspecific/com.chrome.devtools.json HTTP/1.1" 404 6787
INFO 2026-04-29 01:13:45,256 basehttp 34032 36244 "GET / HTTP/1.1" 200 22025
INFO 2026-04-29 01:13:45,291 basehttp 34032 37448 "GET /static/logo.png HTTP/1.1" 304 0
WARNING 2026-04-29 01:13:45,295 log 34032 36244 Not Found: /.well-known/appspecific/com.chrome.devtools.json
INFO 2026-04-29 01:13:45,296 basehttp 34032 41520 "GET /static/css/styles.css HTTP/1.1" 200 43796
WARNING 2026-04-29 01:13:45,296 basehttp 34032 36244 "GET /.well-known/appspecific/com.chrome.devtools.json HTTP/1.1" 404 6787
INFO 2026-04-29 01:18:15,218 basehttp 34032 36244 "GET / HTTP/1.1" 200 22031
INFO 2026-04-29 01:18:15,245 basehttp 34032 37448 "GET /static/logo.png HTTP/1.1" 304 0
INFO 2026-04-29 01:18:15,255 basehttp 34032 41520 "GET /static/css/styles.css HTTP/1.1" 200 44109
WARNING 2026-04-29 01:18:15,261 log 34032 36244 Not Found: /.well-known/appspecific/com.chrome.devtools.json
WARNING 2026-04-29 01:18:15,266 basehttp 34032 36244 "GET /.well-known/appspecific/com.chrome.devtools.json HTTP/1.1" 404 6787
INFO 2026-04-29 01:21:40,695 autoreload 34032 34440 C:\Users\Rakesh\Downloads\civiqo_elective_optin\elective_optin\electives\views.py changed, reloading.
INFO 2026-04-29 01:21:40,699 autoreload 6036 41456 C:\Users\Rakesh\Downloads\civiqo_elective_optin\elective_optin\electives\views.py changed, reloading.
INFO 2026-04-29 01:21:41,230 autoreload 26672 26720 Watching for file changes with StatReloader
INFO 2026-04-29 01:21:41,231 autoreload 35376 38620 Watching for file changes with StatReloader
INFO 2026-04-29 01:23:41,789 basehttp 35376 11324 "GET / HTTP/1.1" 200 22012
INFO 2026-04-29 01:23:41,816 basehttp 35376 13672 "GET /static/css/styles.css HTTP/1.1" 304 0
INFO 2026-04-29 01:23:41,817 basehttp 35376 29748 "GET /static/logo.png HTTP/1.1" 304 0
WARNING 2026-04-29 01:23:41,835 log 35376 11324 Not Found: /.well-known/appspecific/com.chrome.devtools.json
WARNING 2026-04-29 01:23:41,836 basehttp 35376 11324 "GET /.well-known/appspecific/com.chrome.devtools.json HTTP/1.1" 404 6787
INFO 2026-04-29 01:24:07,737 basehttp 35376 11324 "GET / HTTP/1.1" 200 22031
WARNING 2026-04-29 01:24:07,775 log 35376 11324 Not Found: /.well-known/appspecific/com.chrome.devtools.json
WARNING 2026-04-29 01:24:07,777 basehttp 35376 11324 "GET /.well-known/appspecific/com.chrome.devtools.json HTTP/1.1" 404 6787
INFO 2026-04-29 01:25:00,530 basehttp 35376 11324 "GET / HTTP/1.1" 200 22026
INFO 2026-04-29 01:25:00,554 basehttp 35376 29748 "GET /static/css/styles.css HTTP/1.1" 304 0
WARNING 2026-04-29 01:25:00,562 log 35376 11324 Not Found: /.well-known/appspecific/com.chrome.devtools.json
WARNING 2026-04-29 01:25:00,571 basehttp 35376 11324 "GET /.well-known/appspecific/com.chrome.devtools.json HTTP/1.1" 404 6787
INFO 2026-04-29 01:26:32,442 basehttp 35376 11324 "GET / HTTP/1.1" 200 21992
INFO 2026-04-29 01:26:32,471 basehttp 35376 29748 "GET /static/css/styles.css HTTP/1.1" 304 0
INFO 2026-04-29 01:26:32,472 basehttp 35376 13672 "GET /static/logo.png HTTP/1.1" 304 0
WARNING 2026-04-29 01:26:32,483 log 35376 11324 Not Found: /.well-known/appspecific/com.chrome.devtools.json
WARNING 2026-04-29 01:26:32,484 basehttp 35376 11324 "GET /.well-known/appspecific/com.chrome.devtools.json HTTP/1.1" 404 6787
INFO 2026-04-29 01:26:45,849 basehttp 35376 11324 "GET / HTTP/1.1" 200 21984
WARNING 2026-04-29 01:26:45,883 log 35376 11324 Not Found: /.well-known/appspecific/com.chrome.devtools.json
WARNING 2026-04-29 01:26:45,884 basehttp 35376 11324 "GET /.well-known/appspecific/com.chrome.devtools.json HTTP/1.1" 404 6787
INFO 2026-04-29 01:27:24,451 basehttp 35376 11324 "GET / HTTP/1.1" 200 22036
INFO 2026-04-29 01:27:24,476 basehttp 35376 13672 "GET /static/css/styles.css HTTP/1.1" 304 0
WARNING 2026-04-29 01:27:24,486 log 35376 11324 Not Found: /.well-known/appspecific/com.chrome.devtools.json
WARNING 2026-04-29 01:27:24,487 basehttp 35376 11324 "GET /.well-known/appspecific/com.chrome.devtools.json HTTP/1.1" 404 6787
INFO 2026-04-29 01:28:09,558 basehttp 35376 11324 "GET / HTTP/1.1" 200 22024
INFO 2026-04-29 01:28:09,730 basehttp 35376 11324 "GET / HTTP/1.1" 200 21987
INFO 2026-04-29 01:28:09,953 basehttp 35376 11324 "GET / HTTP/1.1" 200 22069
INFO 2026-04-29 01:37:30,160 autoreload 24780 16040 Watching for file changes with StatReloader
INFO 2026-04-29 01:37:32,863 basehttp 24780 37452 "GET / HTTP/1.1" 200 18032
INFO 2026-04-29 01:37:32,965 basehttp 24780 37452 "GET /static/css/styles.css HTTP/1.1" 304 0
INFO 2026-04-29 01:37:32,966 basehttp 24780 40512 "GET /static/logo.png HTTP/1.1" 304 0
INFO 2026-04-29 01:37:50,203 basehttp 24780 40512 "GET /login/ HTTP/1.1" 200 4314
INFO 2026-04-29 01:37:53,575 basehttp 24780 40512 "POST /login/ HTTP/1.1" 302 0
INFO 2026-04-29 01:37:53,582 basehttp 24780 40512 "GET /dashboard/ HTTP/1.1" 302 0
INFO 2026-04-29 01:37:53,604 basehttp 24780 40512 "GET /admin-panel/ HTTP/1.1" 200 17555
INFO 2026-04-29 01:38:21,004 basehttp 24780 40512 "GET /logout/ HTTP/1.1" 302 0
INFO 2026-04-29 01:38:21,048 basehttp 24780 40512 "GET / HTTP/1.1" 200 18349
INFO 2026-04-29 01:38:23,165 basehttp 24780 40512 "GET /login/ HTTP/1.1" 200 4314
INFO 2026-04-29 01:38:27,629 basehttp 24780 40512 "POST /login/ HTTP/1.1" 200 4661
INFO 2026-04-29 01:38:40,367 basehttp 24780 40512 "POST /login/ HTTP/1.1" 200 4665
INFO 2026-04-29 01:38:46,722 basehttp 24780 40512 "POST /login/ HTTP/1.1" 200 4665
INFO 2026-04-29 01:39:06,993 basehttp 24780 40512 "POST /login/ HTTP/1.1" 200 4665
INFO 2026-04-29 01:39:40,595 basehttp 24780 40512 "POST /login/ HTTP/1.1" 200 4665
INFO 2026-04-29 01:39:40,614 basehttp 24780 40512 "GET /static/css/styles.css HTTP/1.1" 304 0
INFO 2026-04-29 01:40:38,384 basehttp 24780 40668 "POST /login/ HTTP/1.1" 302 0
INFO 2026-04-29 01:40:38,411 basehttp 24780 40668 "GET /dashboard/ HTTP/1.1" 200 9660
INFO 2026-04-29 01:40:52,879 basehttp 24780 40668 "GET /catalog/ HTTP/1.1" 200 26912
INFO 2026-04-29 01:40:52,919 basehttp 24780 40668 "GET /static/js/ajax_seats.js HTTP/1.1" 304 0
INFO 2026-04-29 01:40:52,949 basehttp 24780 40668 "GET /api/seats/?ids=1,2,3,4 HTTP/1.1" 200 217
INFO 2026-04-29 01:41:12,967 basehttp 24780 40668 "GET /api/seats/?ids=1,2,3,4 HTTP/1.1" 200 217
INFO 2026-04-29 01:41:32,964 basehttp 24780 40668 "GET /api/seats/?ids=1,2,3,4 HTTP/1.1" 200 217
INFO 2026-04-29 01:41:41,337 basehttp 24780 40668 "GET /preferences/ HTTP/1.1" 200 9678
INFO 2026-04-29 01:41:41,356 basehttp 24780 40668 "GET /static/logo.png HTTP/1.1" 304 0
INFO 2026-04-29 01:41:53,076 basehttp 24780 40668 "GET /catalog/ HTTP/1.1" 200 26912
INFO 2026-04-29 01:41:53,115 basehttp 24780 40668 "GET /static/css/styles.css HTTP/1.1" 304 0
INFO 2026-04-29 01:41:53,149 basehttp 24780 40668 "GET /api/seats/?ids=1,2,3,4 HTTP/1.1" 200 217
INFO 2026-04-29 01:41:59,680 basehttp 24780 40668 "GET /courses/23CST501/ HTTP/1.1" 200 9441
INFO 2026-04-29 01:41:59,725 basehttp 24780 40668 "GET /api/seats/1/ HTTP/1.1" 200 72
INFO 2026-04-29 01:42:01,143 basehttp 24780 40668 "POST /preferences/add/1/ HTTP/1.1" 200 85
INFO 2026-04-29 01:42:05,069 basehttp 24780 40668 "GET /preferences/ HTTP/1.1" 200 11214
INFO 2026-04-29 01:42:18,731 basehttp 24780 40668 "GET /catalog/ HTTP/1.1" 200 26898
INFO 2026-04-29 01:42:18,764 basehttp 24780 40668 "GET /api/seats/?ids=1,2,3,4 HTTP/1.1" 200 217
INFO 2026-04-29 01:42:26,370 basehttp 24780 40668 "GET /courses/23CST502/ HTTP/1.1" 200 9422
INFO 2026-04-29 01:42:26,390 basehttp 24780 40668 "GET /api/seats/2/ HTTP/1.1" 200 72
INFO 2026-04-29 01:42:27,686 basehttp 24780 40668 "POST /preferences/add/2/ HTTP/1.1" 200 84
INFO 2026-04-29 01:42:33,192 basehttp 24780 40668 "GET /catalog/?department=CSE HTTP/1.1" 200 26875
INFO 2026-04-29 01:42:33,213 basehttp 24780 40668 "GET /api/seats/?ids=1,2,3,4 HTTP/1.1" 200 217
INFO 2026-04-29 01:42:43,189 basehttp 24780 40668 "GET /courses/23OET501/ HTTP/1.1" 200 9413
INFO 2026-04-29 01:42:43,222 basehttp 24780 40668 "GET /api/seats/3/ HTTP/1.1" 200 72
INFO 2026-04-29 01:42:52,581 basehttp 24780 40668 "GET /catalog/?department=CSE HTTP/1.1" 200 26875
INFO 2026-04-29 01:42:52,641 basehttp 24780 40668 "GET /api/seats/?ids=1,2,3,4 HTTP/1.1" 200 217
INFO 2026-04-29 01:43:13,030 basehttp 24780 40668 "GET /api/seats/?ids=1,2,3,4 HTTP/1.1" 200 217
INFO 2026-04-29 01:43:32,635 basehttp 24780 40668 "GET /api/seats/?ids=1,2,3,4 HTTP/1.1" 200 217
INFO 2026-04-29 01:43:34,250 basehttp 24780 40668 "GET /preferences/ HTTP/1.1" 200 12316
INFO 2026-04-29 01:43:37,176 basehttp 24780 40668 "GET /logout/ HTTP/1.1" 302 0
INFO 2026-04-29 01:43:37,217 basehttp 24780 40668 "GET / HTTP/1.1" 200 18349
INFO 2026-04-29 01:43:45,336 basehttp 24780 40668 "GET /login/ HTTP/1.1" 200 4314
INFO 2026-04-29 01:43:49,770 basehttp 24780 40668 "POST /login/ HTTP/1.1" 302 0
INFO 2026-04-29 01:43:49,782 basehttp 24780 40668 "GET /dashboard/ HTTP/1.1" 302 0
INFO 2026-04-29 01:43:49,815 basehttp 24780 40668 "GET /admin-panel/ HTTP/1.1" 200 17555
INFO 2026-04-29 01:43:57,641 basehttp 24780 40668 "POST /admin/run/ HTTP/1.1" 200 143
INFO 2026-04-29 01:43:59,757 basehttp 24780 40668 "GET /admin-panel/ HTTP/1.1" 200 17682
INFO 2026-04-29 01:44:10,164 basehttp 24780 40668 "GET /admin/download/summary-pdf/ HTTP/1.1" 200 2427
INFO 2026-04-29 01:44:29,445 basehttp 24780 40668 "GET /admin/diagnostic/ HTTP/1.1" 200 12003
INFO 2026-04-29 01:44:29,478 basehttp 24780 40668 "GET /static/css/styles.css HTTP/1.1" 304 0
INFO 2026-04-29 01:44:43,286 basehttp 24780 40668 "GET /admin-panel/ HTTP/1.1" 200 17682
INFO 2026-04-29 01:44:48,819 basehttp 24780 40668 "GET /catalog/ HTTP/1.1" 200 26986
INFO 2026-04-29 01:44:48,849 basehttp 24780 40668 "GET /api/seats/?ids=1,2,3,4 HTTP/1.1" 200 217
INFO 2026-04-29 01:44:52,831 basehttp 24780 40668 "GET /catalog/?q=&category=open&department=&level= HTTP/1.1" 200 16090
INFO 2026-04-29 01:44:52,856 basehttp 24780 40668 "GET /api/seats/?ids=3 HTTP/1.1" 200 64
INFO 2026-04-29 01:44:55,652 basehttp 24780 40668 "GET /catalog/?q=&category=open&department=5&level= HTTP/1.1" 200 12852
INFO 2026-04-29 01:44:57,680 basehttp 24780 40668 "GET /catalog/?q=&category=open&department=1&level= HTTP/1.1" 200 16090
INFO 2026-04-29 01:44:57,711 basehttp 24780 40668 "GET /api/seats/?ids=3 HTTP/1.1" 200 64
INFO 2026-04-29 01:45:11,634 basehttp 24780 40668 "GET /logout/ HTTP/1.1" 302 0
INFO 2026-04-29 01:45:11,694 basehttp 24780 40668 "GET / HTTP/1.1" 200 18349
INFO 2026-04-29 01:47:25,762 basehttp 24780 40668 "GET / HTTP/1.1" 200 18104
INFO 2026-04-29 01:47:25,801 basehttp 24780 40668 "GET /static/css/styles.css HTTP/1.1" 304 0
INFO 2026-04-29 01:47:25,806 basehttp 24780 40668 "GET /static/logo.png HTTP/1.1" 304 0
INFO 2026-04-29 01:47:41,945 basehttp 24780 40668 "GET / HTTP/1.1" 200 18104
INFO 2026-04-29 01:47:58,326 basehttp 24780 40668 "GET /login/ HTTP/1.1" 200 4426
INFO 2026-04-29 01:48:11,851 basehttp 24780 40668 "GET / HTTP/1.1" 200 18104
INFO 2026-04-29 01:48:27,809 basehttp 24780 40668 "GET /login/ HTTP/1.1" 200 4426
INFO 2026-04-29 01:48:30,611 basehttp 24780 40668 "GET /register/ HTTP/1.1" 200 7713
INFO 2026-04-29 01:48:37,512 basehttp 24780 40668 "GET /login/ HTTP/1.1" 200 4426
INFO 2026-04-29 01:48:43,627 basehttp 24780 40668 "GET / HTTP/1.1" 200 18104
INFO 2026-04-29 01:48:45,834 basehttp 24780 40668 "GET / HTTP/1.1" 200 18104
INFO 2026-04-29 01:49:19,262 basehttp 24780 40668 "GET /courses/23OET501/ HTTP/1.1" 200 8870
INFO 2026-04-29 01:49:19,337 basehttp 24780 40668 "GET /api/seats/3/ HTTP/1.1" 200 72
INFO 2026-04-29 01:49:35,028 basehttp 24780 40668 "GET /api/seats/3/ HTTP/1.1" 200 72
INFO 2026-04-29 01:49:50,029 basehttp 24780 40668 "GET /api/seats/3/ HTTP/1.1" 200 72
INFO 2026-04-29 01:50:03,618 basehttp 24780 40668 "GET /catalog/ HTTP/1.1" 200 25747
INFO 2026-04-29 01:50:03,640 basehttp 24780 40668 "GET /static/js/ajax_seats.js HTTP/1.1" 304 0
INFO 2026-04-29 01:50:03,658 basehttp 24780 40668 "GET /api/seats/?ids=1,2,3,4 HTTP/1.1" 200 217
INFO 2026-04-29 01:50:05,359 basehttp 24780 40668 "GET / HTTP/1.1" 200 18104
INFO 2026-04-29 01:50:20,638 basehttp 24780 40668 "GET /catalog/ HTTP/1.1" 200 25747
INFO 2026-04-29 01:50:20,783 basehttp 24780 40668 "GET /static/css/styles.css HTTP/1.1" 200 44355
INFO 2026-04-29 01:50:20,804 basehttp 24780 40668 "GET /api/seats/?ids=1,2,3,4 HTTP/1.1" 200 217
INFO 2026-04-29 01:51:19,570 basehttp 24780 40668 "GET / HTTP/1.1" 200 18104
INFO 2026-04-29 01:51:19,602 basehttp 24780 40668 "GET /static/css/styles.css HTTP/1.1" 304 0
INFO 2026-04-29 01:51:49,640 basehttp 24780 40668 "GET / HTTP/1.1" 200 18104
INFO 2026-04-29 01:51:49,670 basehttp 24780 40668 "GET /static/css/styles.css HTTP/1.1" 304 0
INFO 2026-04-29 01:52:25,584 basehttp 24780 40668 "GET / HTTP/1.1" 200 18104
INFO 2026-04-29 01:52:25,615 basehttp 24780 40668 "GET /static/css/styles.css HTTP/1.1" 304 0
INFO 2026-04-29 01:52:25,618 basehttp 24780 40668 "GET /static/logo.png HTTP/1.1" 304 0
WARNING 2026-04-29 01:52:27,673 log 24780 40668 Not Found: /.well-known/appspecific/com.chrome.devtools.json
WARNING 2026-04-29 01:52:27,676 basehttp 24780 40668 "GET /.well-known/appspecific/com.chrome.devtools.json HTTP/1.1" 404 6787
INFO 2026-04-29 01:53:35,960 basehttp 24780 40668 "GET / HTTP/1.1" 200 18312
INFO 2026-04-29 01:53:35,992 basehttp 24780 40668 "GET /static/css/styles.css HTTP/1.1" 304 0
WARNING 2026-04-29 01:53:36,013 log 24780 40668 Not Found: /.well-known/appspecific/com.chrome.devtools.json
WARNING 2026-04-29 01:53:36,017 basehttp 24780 40668 "GET /.well-known/appspecific/com.chrome.devtools.json HTTP/1.1" 404 6787
INFO 2026-04-29 01:55:14,240 basehttp 24780 40668 "GET /catalog/ HTTP/1.1" 200 25747
INFO 2026-04-29 01:55:14,276 basehttp 24780 40668 "GET /static/css/styles.css HTTP/1.1" 304 0
INFO 2026-04-29 01:55:14,294 basehttp 24780 40668 "GET /api/seats/?ids=1,2,3,4 HTTP/1.1" 200 217
INFO 2026-04-29 01:55:35,032 basehttp 24780 40668 "GET /api/seats/?ids=1,2,3,4 HTTP/1.1" 200 217
INFO 2026-04-29 01:55:41,257 basehttp 24780 40668 "GET / HTTP/1.1" 200 18312
INFO 2026-04-29 01:56:14,262 basehttp 24780 40668 "GET / HTTP/1.1" 200 18312
INFO 2026-04-29 01:56:14,282 basehttp 24780 40668 "GET /static/css/styles.css HTTP/1.1" 200 44673
INFO 2026-04-29 01:56:19,477 basehttp 24780 40668 "GET /register/ HTTP/1.1" 200 7713
INFO 2026-04-29 01:56:19,505 basehttp 24780 40668 "GET /static/css/styles.css HTTP/1.1" 304 0
INFO 2026-04-29 01:56:23,505 basehttp 24780 40668 "GET /catalog/ HTTP/1.1" 200 25747
INFO 2026-04-29 01:56:23,530 basehttp 24780 40668 "GET /static/css/styles.css HTTP/1.1" 304 0
INFO 2026-04-29 01:56:23,548 basehttp 24780 40668 "GET /api/seats/?ids=1,2,3,4 HTTP/1.1" 200 217
INFO 2026-04-29 08:42:14,428 autoreload 12556 2096 Watching for file changes with StatReloader
INFO 2026-04-29 08:42:18,636 basehttp 12556 21388 "GET / HTTP/1.1" 200 18312
INFO 2026-04-29 08:42:18,922 basehttp 12556 10148 "GET /static/css/styles.css HTTP/1.1" 200 44673
INFO 2026-04-29 08:42:18,930 basehttp 12556 21388 "GET /static/logo.png HTTP/1.1" 200 269584
WARNING 2026-04-29 08:42:19,448 log 12556 7804 Not Found: /favicon.ico
WARNING 2026-04-29 08:42:19,449 basehttp 12556 7804 "GET /favicon.ico HTTP/1.1" 404 6676
INFO 2026-04-29 08:42:37,192 basehttp 12556 20588 "GET /courses/23CST502/ HTTP/1.1" 200 8912
INFO 2026-04-29 08:42:37,234 basehttp 12556 20588 "GET /static/js/ajax_seats.js HTTP/1.1" 200 2524
INFO 2026-04-29 08:42:37,320 basehttp 12556 20588 "GET /api/seats/2/ HTTP/1.1" 200 72
INFO 2026-04-29 08:42:46,691 basehttp 12556 25200 "GET / HTTP/1.1" 200 18312
INFO 2026-04-29 08:42:48,873 basehttp 12556 25200 "GET /register/ HTTP/1.1" 200 7713
INFO 2026-04-29 08:42:51,459 basehttp 12556 25476 "GET /login/ HTTP/1.1" 200 4426
INFO 2026-04-29 08:43:08,657 basehttp 12556 25476 "POST /login/ HTTP/1.1" 302 0
INFO 2026-04-29 08:43:08,749 basehttp 12556 25476 "GET /dashboard/ HTTP/1.1" 200 9675
INFO 2026-04-29 08:43:22,854 basehttp 12556 25476 "GET /catalog/ HTTP/1.1" 200 27730
INFO 2026-04-29 08:43:22,906 basehttp 12556 25476 "GET /api/seats/?ids=1,2,3,4 HTTP/1.1" 200 217
INFO 2026-04-29 08:43:28,750 basehttp 12556 25476 "POST /preferences/add/1/ HTTP/1.1" 200 85
INFO 2026-04-29 08:43:42,904 basehttp 12556 25476 "GET /api/seats/?ids=1,2,3,4 HTTP/1.1" 200 217
INFO 2026-04-29 08:43:42,943 basehttp 12556 25480 "POST /preferences/add/2/ HTTP/1.1" 200 84
INFO 2026-04-29 08:43:44,344 basehttp 12556 25480 "POST /preferences/add/3/ HTTP/1.1" 200 117
INFO 2026-04-29 08:43:53,116 basehttp 12556 25480 "POST /preferences/add/3/ HTTP/1.1" 200 117
INFO 2026-04-29 08:44:02,911 basehttp 12556 25480 "GET /api/seats/?ids=1,2,3,4 HTTP/1.1" 200 217
INFO 2026-04-29 08:44:10,243 basehttp 12556 25480 "GET /preferences/ HTTP/1.1" 200 12321
INFO 2026-04-29 08:44:15,261 basehttp 12556 25480 "GET /catalog/ HTTP/1.1" 200 27674
INFO 2026-04-29 08:44:15,344 basehttp 12556 25480 "GET /api/seats/?ids=1,2,3,4 HTTP/1.1" 200 217
INFO 2026-04-29 08:44:24,806 basehttp 12556 25480 "GET /logout/ HTTP/1.1" 302 0
INFO 2026-04-29 08:44:24,829 basehttp 12556 25480 "GET / HTTP/1.1" 200 18629
INFO 2026-04-29 08:44:28,546 basehttp 12556 25480 "GET /login/ HTTP/1.1" 200 4426
INFO 2026-04-29 08:44:31,381 basehttp 12556 25480 "POST /login/ HTTP/1.1" 302 0
INFO 2026-04-29 08:44:31,395 basehttp 12556 25480 "GET /dashboard/ HTTP/1.1" 302 0
INFO 2026-04-29 08:44:31,444 basehttp 12556 25480 "GET /admin-panel/ HTTP/1.1" 200 17999
INFO 2026-04-29 08:44:46,628 basehttp 12556 25480 "GET /admin/download/summary-pdf/ HTTP/1.1" 200 2427
INFO 2026-04-29 08:45:06,619 basehttp 12556 20256 "GET /admin-panel/ HTTP/1.1" 302 0
INFO 2026-04-29 08:45:06,629 basehttp 12556 20256 "GET /login/?next=/admin-panel/ HTTP/1.1" 200 4426
WARNING 2026-04-29 08:45:07,771 log 12556 22204 Not Found: /favicon.ico
WARNING 2026-04-29 08:45:07,773 basehttp 12556 22204 "GET /favicon.ico HTTP/1.1" 404 6676
INFO 2026-04-29 08:45:11,262 basehttp 12556 22204 "POST /login/?next=/admin-panel/ HTTP/1.1" 302 0
INFO 2026-04-29 08:45:11,307 basehttp 12556 22204 "GET /admin-panel/ HTTP/1.1" 200 17999
INFO 2026-04-29 08:45:17,518 basehttp 12556 22204 "GET /admin/csv-upload/ HTTP/1.1" 200 17617
INFO 2026-04-29 08:45:48,231 basehttp 12556 26084 "GET / HTTP/1.1" 302 0
INFO 2026-04-29 08:45:48,254 basehttp 12556 26084 "GET /dashboard/ HTTP/1.1" 302 0
INFO 2026-04-29 08:45:48,301 basehttp 12556 26084 "GET /admin-panel/ HTTP/1.1" 200 17682
INFO 2026-04-29 08:45:49,175 basehttp 12556 26084 "GET /catalog/ HTTP/1.1" 200 26986
INFO 2026-04-29 08:45:49,224 basehttp 12556 26084 "GET /api/seats/?ids=1,2,3,4 HTTP/1.1" 200 217
INFO 2026-04-29 08:45:52,364 basehttp 12556 26084 "GET /courses/23CST501/ HTTP/1.1" 200 10122
INFO 2026-04-29 08:45:52,419 basehttp 12556 26084 "GET /api/seats/1/ HTTP/1.1" 200 72
INFO 2026-04-29 08:46:07,423 basehttp 12556 26084 "GET /api/seats/1/ HTTP/1.1" 200 72
INFO 2026-04-29 08:46:09,345 basehttp 12556 26084 "GET / HTTP/1.1" 302 0
INFO 2026-04-29 08:46:09,359 basehttp 12556 26084 "GET /dashboard/ HTTP/1.1" 302 0
INFO 2026-04-29 08:46:09,399 basehttp 12556 26084 "GET /admin-panel/ HTTP/1.1" 200 17682
INFO 2026-04-29 08:46:57,825 basehttp 12556 26084 "POST /admin/override/ HTTP/1.1" 200 93
INFO 2026-04-29 08:46:59,859 basehttp 12556 26084 "GET /admin-panel/ HTTP/1.1" 200 17682
INFO 2026-04-29 08:47:21,142 basehttp 12556 26084 "GET /logout/ HTTP/1.1" 302 0
INFO 2026-04-29 08:47:21,169 basehttp 12556 26084 "GET / HTTP/1.1" 200 18629
INFO 2026-04-29 08:47:27,884 basehttp 12556 26084 "GET /login/ HTTP/1.1" 200 4426
INFO 2026-04-29 08:47:30,233 basehttp 12556 26084 "POST /login/ HTTP/1.1" 302 0
INFO 2026-04-29 08:47:30,249 basehttp 12556 26084 "GET /dashboard/ HTTP/1.1" 302 0
INFO 2026-04-29 08:47:30,278 basehttp 12556 26084 "GET /admin-panel/ HTTP/1.1" 200 17999
INFO 2026-04-29 08:47:38,482 basehttp 12556 26084 "GET /admin/diagnostic/ HTTP/1.1" 200 12570
INFO 2026-04-29 08:48:07,270 basehttp 12556 26084 "GET /admin-panel/ HTTP/1.1" 200 17682
INFO 2026-04-29 08:48:13,663 basehttp 12556 26084 "GET /admin/diagnostic/ HTTP/1.1" 200 12570
INFO 2026-04-29 08:48:17,596 basehttp 12556 26084 "GET /admin/csv-upload/ HTTP/1.1" 200 17617
INFO 2026-04-29 08:50:53,383 basehttp 12556 26084 "GET /admin-panel/ HTTP/1.1" 200 17682
INFO 2026-04-29 08:54:45,376 basehttp 12556 10168 "GET /admin/diagnostic/ HTTP/1.1" 200 12570
INFO 2026-04-29 08:55:11,493 basehttp 12556 10168 "GET /admin/ HTTP/1.1" 200 9447
INFO 2026-04-29 08:55:11,550 basehttp 12556 1912 "GET /static/admin/css/dark_mode.css HTTP/1.1" 304 0
INFO 2026-04-29 08:55:11,555 basehttp 12556 10168 "GET /static/admin/css/base.css HTTP/1.1" 304 0
INFO 2026-04-29 08:55:11,561 basehttp 12556 22368 "GET /static/admin/css/responsive.css HTTP/1.1" 304 0
INFO 2026-04-29 08:55:11,562 basehttp 12556 24520 "GET /static/admin/css/nav_sidebar.css HTTP/1.1" 304 0
INFO 2026-04-29 08:55:11,567 basehttp 12556 22064 "GET /static/admin/css/dashboard.css HTTP/1.1" 304 0
INFO 2026-04-29 08:55:11,578 basehttp 12556 10168 "GET /static/admin/js/nav_sidebar.js HTTP/1.1" 304 0
INFO 2026-04-29 08:55:11,582 basehttp 12556 17312 "GET /static/admin/js/theme.js HTTP/1.1" 304 0
INFO 2026-04-29 08:55:11,587 basehttp 12556 22064 "GET /static/admin/img/icon-changelink.svg HTTP/1.1" 304 0
INFO 2026-04-29 08:55:11,589 basehttp 12556 10168 "GET /static/admin/img/icon-addlink.svg HTTP/1.1" 304 0
INFO 2026-04-29 08:55:19,986 basehttp 12556 10168 "GET /admin/electives/course/add/ HTTP/1.1" 200 22162
INFO 2026-04-29 08:55:20,047 basehttp 12556 10168 "GET /static/admin/css/forms.css HTTP/1.1" 304 0
INFO 2026-04-29 08:55:20,048 basehttp 12556 17312 "GET /static/admin/js/vendor/jquery/jquery.js HTTP/1.1" 304 0
INFO 2026-04-29 08:55:20,049 basehttp 12556 22368 "GET /static/admin/js/core.js HTTP/1.1" 304 0
INFO 2026-04-29 08:55:20,049 basehttp 12556 24520 "GET /static/admin/js/jquery.init.js HTTP/1.1" 304 0
INFO 2026-04-29 08:55:20,053 basehttp 12556 10168 "GET /static/admin/js/actions.js HTTP/1.1" 304 0
INFO 2026-04-29 08:55:20,055 basehttp 12556 1912 "GET /static/admin/js/admin/RelatedObjectLookups.js HTTP/1.1" 304 0
INFO 2026-04-29 08:55:20,055 basehttp 12556 17312 "GET /static/admin/js/prepopulate.js HTTP/1.1" 304 0
INFO 2026-04-29 08:55:20,066 basehttp 12556 22064 "GET /admin/jsi18n/ HTTP/1.1" 200 3343
INFO 2026-04-29 08:55:20,067 basehttp 12556 22368 "GET /static/admin/js/urlify.js HTTP/1.1" 304 0
INFO 2026-04-29 08:55:20,068 basehttp 12556 10168 "GET /static/admin/js/prepopulate_init.js HTTP/1.1" 200 586
INFO 2026-04-29 08:55:20,070 basehttp 12556 24520 "GET /static/admin/js/vendor/xregexp/xregexp.js HTTP/1.1" 304 0
INFO 2026-04-29 08:55:20,071 basehttp 12556 1912 "GET /static/admin/css/widgets.css HTTP/1.1" 304 0
INFO 2026-04-29 08:55:20,073 basehttp 12556 17312 "GET /static/admin/img/icon-viewlink.svg HTTP/1.1" 200 581
INFO 2026-04-29 08:55:20,080 basehttp 12556 17312 "GET /static/admin/js/change_form.js HTTP/1.1" 200 606
INFO 2026-04-29 08:58:09,844 basehttp 12556 17312 "POST /admin/electives/course/add/ HTTP/1.1" 302 0
INFO 2026-04-29 08:58:09,951 basehttp 12556 17312 "GET /admin/electives/course/ HTTP/1.1" 200 18873
INFO 2026-04-29 08:58:10,027 basehttp 12556 17312 "GET /static/admin/css/changelists.css HTTP/1.1" 304 0
INFO 2026-04-29 08:58:10,028 basehttp 12556 1912 "GET /static/admin/img/search.svg HTTP/1.1" 304 0
INFO 2026-04-29 08:58:10,032 basehttp 12556 10168 "GET /admin/jsi18n/ HTTP/1.1" 200 3343
INFO 2026-04-29 08:58:10,038 basehttp 12556 10168 "GET /static/admin/js/filters.js HTTP/1.1" 304 0
INFO 2026-04-29 08:58:10,064 basehttp 12556 17312 "GET /static/admin/img/sorting-icons.svg HTTP/1.1" 304 0
INFO 2026-04-29 08:58:10,065 basehttp 12556 1912 "GET /static/admin/img/icon-yes.svg HTTP/1.1" 304 0
INFO 2026-04-29 08:58:10,066 basehttp 12556 10168 "GET /static/admin/img/tooltag-add.svg HTTP/1.1" 304 0
INFO 2026-04-29 08:58:13,226 basehttp 12556 10168 "POST /admin/electives/course/ HTTP/1.1" 302 0
INFO 2026-04-29 08:58:13,294 basehttp 12556 10168 "GET /admin/electives/course/ HTTP/1.1" 200 18643
INFO 2026-04-29 08:58:13,354 basehttp 12556 10168 "GET /admin/jsi18n/ HTTP/1.1" 200 3343
INFO 2026-04-29 08:58:19,658 basehttp 12556 10168 "GET /admin/ HTTP/1.1" 200 9796
INFO 2026-04-29 08:58:21,406 basehttp 12556 10168 "GET /admin/electives/course/ HTTP/1.1" 200 18643
INFO 2026-04-29 08:58:28,620 basehttp 12556 10168 "GET / HTTP/1.1" 302 0
INFO 2026-04-29 08:58:28,647 basehttp 12556 10168 "GET /dashboard/ HTTP/1.1" 302 0
INFO 2026-04-29 08:58:28,685 basehttp 12556 10168 "GET /admin-panel/ HTTP/1.1" 200 18436
INFO 2026-04-29 08:58:57,133 basehttp 12556 10168 "GET /logout/ HTTP/1.1" 302 0
INFO 2026-04-29 08:58:57,190 basehttp 12556 10168 "GET / HTTP/1.1" 200 20460
INFO 2026-04-29 08:58:58,836 basehttp 12556 10168 "GET /login/ HTTP/1.1" 200 4426
INFO 2026-04-29 08:59:24,066 basehttp 12556 10168 "POST /login/ HTTP/1.1" 302 0
INFO 2026-04-29 08:59:24,092 basehttp 12556 10168 "GET /dashboard/ HTTP/1.1" 200 9670
INFO 2026-04-29 08:59:44,522 basehttp 12556 10168 "GET /preferences/ HTTP/1.1" 200 9681
INFO 2026-04-29 08:59:59,577 basehttp 12556 10168 "GET /catalog/ HTTP/1.1" 200 31516
INFO 2026-04-29 08:59:59,666 basehttp 12556 10168 "GET /api/seats/?ids=5,1,2,3,4 HTTP/1.1" 200 267
INFO 2026-04-29 09:00:07,194 basehttp 12556 10168 "POST /preferences/add/5/ HTTP/1.1" 200 60
INFO 2026-04-29 09:00:10,695 basehttp 12556 10168 "POST /preferences/add/1/ HTTP/1.1" 200 85
INFO 2026-04-29 09:00:14,835 basehttp 12556 10168 "GET /courses/23CST501/ HTTP/1.1" 200 9584
INFO 2026-04-29 09:00:14,895 basehttp 12556 10168 "GET /api/seats/1/ HTTP/1.1" 200 72
INFO 2026-04-29 09:00:18,506 basehttp 12556 10168 "GET /preferences/ HTTP/1.1" 200 11217
INFO 2026-04-29 09:00:23,318 basehttp 12556 10168 "POST /preferences/remove/5/ HTTP/1.1" 200 31
INFO 2026-04-29 09:00:29,430 basehttp 12556 10168 "GET /admin/electives/course/?o=6.3.1 HTTP/1.1" 302 0
INFO 2026-04-29 09:00:29,490 basehttp 12556 10168 "GET /admin/login/?next=/admin/electives/course/%3Fo%3D6.3.1 HTTP/1.1" 200 3796
INFO 2026-04-29 09:00:29,540 basehttp 12556 10168 "GET /static/admin/css/login.css HTTP/1.1" 200 958
INFO 2026-04-29 09:00:31,605 basehttp 12556 10168 "GET /admin/electives/course/ HTTP/1.1" 302 0
INFO 2026-04-29 09:00:31,642 basehttp 12556 10168 "GET /admin/login/?next=/admin/electives/course/ HTTP/1.1" 200 3776
INFO 2026-04-29 09:00:37,065 basehttp 12556 10168 "POST /admin/login/?next=/admin/electives/course/ HTTP/1.1" 302 0
INFO 2026-04-29 09:00:37,103 basehttp 12556 10168 "GET /admin/electives/course/ HTTP/1.1" 200 18643
INFO 2026-04-29 09:00:37,146 basehttp 12556 10168 "GET /admin/jsi18n/ HTTP/1.1" 200 3343
INFO 2026-04-29 09:00:45,485 basehttp 12556 10168 "GET /admin/login/?next=/admin/electives/course/ HTTP/1.1" 302 0
INFO 2026-04-29 09:00:45,511 basehttp 12556 10168 "GET /admin/ HTTP/1.1" 200 9796
INFO 2026-04-29 09:01:03,926 basehttp 12556 10168 "GET /admin/electives/course/5/change/ HTTP/1.1" 200 22829
INFO 2026-04-29 09:01:04,007 basehttp 12556 10168 "GET /admin/jsi18n/ HTTP/1.1" 200 3343
INFO 2026-04-29 09:01:12,779 basehttp 12556 10168 "POST /admin/electives/course/5/change/ HTTP/1.1" 302 0
INFO 2026-04-29 09:01:12,858 basehttp 12556 10168 "GET /admin/electives/course/ HTTP/1.1" 200 18875
INFO 2026-04-29 09:01:12,948 basehttp 12556 10168 "GET /admin/jsi18n/ HTTP/1.1" 200 3343
INFO 2026-04-29 09:01:14,905 basehttp 12556 10168 "POST /admin/electives/course/ HTTP/1.1" 302 0
INFO 2026-04-29 09:01:14,990 basehttp 12556 10168 "GET /admin/electives/course/ HTTP/1.1" 200 18643
INFO 2026-04-29 09:01:15,036 basehttp 12556 10168 "GET /admin/jsi18n/ HTTP/1.1" 200 3343
INFO 2026-04-29 09:01:24,972 basehttp 12556 10168 "GET /catalog/ HTTP/1.1" 200 30774
INFO 2026-04-29 09:01:25,077 basehttp 12556 10168 "GET /api/seats/?ids=5,1,2,3,4 HTTP/1.1" 200 267
INFO 2026-04-29 09:01:26,908 basehttp 12556 10168 "POST /preferences/add/5/ HTTP/1.1" 200 43
INFO 2026-04-29 09:01:38,477 basehttp 12556 10168 "POST /preferences/add/5/ HTTP/1.1" 200 43
INFO 2026-04-29 09:01:45,082 basehttp 12556 10168 "GET /api/seats/?ids=5,1,2,3,4 HTTP/1.1" 200 267
INFO 2026-04-29 09:01:48,265 basehttp 12556 10168 "GET /logout/ HTTP/1.1" 302 0
INFO 2026-04-29 09:01:48,316 basehttp 12556 10168 "GET / HTTP/1.1" 200 20460
INFO 2026-04-29 09:01:51,177 basehttp 12556 10168 "GET /login/ HTTP/1.1" 200 4426
INFO 2026-04-29 09:02:06,027 basehttp 12556 10168 "POST /login/ HTTP/1.1" 302 0
INFO 2026-04-29 09:02:06,061 basehttp 12556 10168 "GET /dashboard/ HTTP/1.1" 200 9670
INFO 2026-04-29 09:02:10,925 basehttp 12556 10168 "GET /preferences/ HTTP/1.1" 200 9681
INFO 2026-04-29 09:02:12,826 basehttp 12556 10168 "GET /catalog/ HTTP/1.1" 200 31516
INFO 2026-04-29 09:02:12,903 basehttp 12556 10168 "GET /api/seats/?ids=5,1,2,3,4 HTTP/1.1" 200 267
INFO 2026-04-29 09:02:15,330 basehttp 12556 10168 "POST /preferences/add/5/ HTTP/1.1" 200 91
INFO 2026-04-29 09:02:30,605 basehttp 12556 10168 "GET /logout/ HTTP/1.1" 302 0
INFO 2026-04-29 09:02:30,655 basehttp 12556 10168 "GET / HTTP/1.1" 200 20460
INFO 2026-04-29 09:02:33,919 basehttp 12556 10168 "GET /register/ HTTP/1.1" 200 7713
INFO 2026-04-29 09:02:36,706 basehttp 12556 10168 "GET /login/ HTTP/1.1" 200 4426
INFO 2026-04-29 09:03:08,113 basehttp 12556 10168 "POST /login/ HTTP/1.1" 200 4777
INFO 2026-04-29 09:03:16,710 basehttp 12556 10168 "POST /login/ HTTP/1.1" 302 0
INFO 2026-04-29 09:03:16,745 basehttp 12556 10168 "GET /dashboard/ HTTP/1.1" 200 13069
INFO 2026-04-29 09:03:22,339 basehttp 12556 10168 "GET /preferences/ HTTP/1.1" 200 12159
INFO 2026-04-29 09:03:26,849 basehttp 12556 10168 "GET /catalog/ HTTP/1.1" 200 31462
INFO 2026-04-29 09:03:26,907 basehttp 12556 10168 "GET /api/seats/?ids=5,1,2,3,4 HTTP/1.1" 200 267
INFO 2026-04-29 09:03:28,966 basehttp 12556 10168 "POST /preferences/add/5/ HTTP/1.1" 200 91
INFO 2026-04-29 09:03:46,908 basehttp 12556 10168 "GET /api/seats/?ids=5,1,2,3,4 HTTP/1.1" 200 267
INFO 2026-04-29 09:03:51,845 basehttp 12556 10168 "GET /logout/ HTTP/1.1" 302 0
INFO 2026-04-29 09:03:51,898 basehttp 12556 10168 "GET / HTTP/1.1" 200 20460
INFO 2026-04-29 09:03:53,302 basehttp 12556 10168 "GET /register/ HTTP/1.1" 200 7713
INFO 2026-04-29 09:03:55,477 basehttp 12556 10168 "GET /login/ HTTP/1.1" 200 4426
INFO 2026-04-29 09:04:05,590 basehttp 12556 10168 "POST /login/ HTTP/1.1" 302 0
INFO 2026-04-29 09:04:05,599 basehttp 12556 10168 "GET /dashboard/ HTTP/1.1" 302 0
INFO 2026-04-29 09:04:05,619 basehttp 12556 10168 "GET /admin-panel/ HTTP/1.1" 200 18753
INFO 2026-04-29 09:04:10,068 basehttp 12556 10168 "POST /admin/run/ HTTP/1.1" 200 143
INFO 2026-04-29 09:04:12,129 basehttp 12556 10168 "GET /admin-panel/ HTTP/1.1" 200 18961
INFO 2026-04-29 09:04:38,821 basehttp 12556 10168 "POST /admin/override/ HTTP/1.1" 200 99
INFO 2026-04-29 09:04:40,875 basehttp 12556 10168 "GET /admin-panel/ HTTP/1.1" 200 18971
INFO 2026-04-29 09:05:00,253 basehttp 12556 10168 "GET /logout/ HTTP/1.1" 302 0
INFO 2026-04-29 09:05:00,309 basehttp 12556 10168 "GET / HTTP/1.1" 200 20461
INFO 2026-04-29 09:05:04,270 basehttp 12556 10168 "GET /login/ HTTP/1.1" 200 4426
INFO 2026-04-29 09:05:18,286 basehttp 12556 10168 "POST /login/ HTTP/1.1" 302 0
INFO 2026-04-29 09:05:18,314 basehttp 12556 10168 "GET /dashboard/ HTTP/1.1" 200 15234
INFO 2026-04-29 09:05:42,763 basehttp 12556 10168 "GET /preferences/ HTTP/1.1" 200 12783
INFO 2026-04-29 09:05:52,394 basehttp 12556 10168 "GET /logout/ HTTP/1.1" 302 0
INFO 2026-04-29 09:05:52,442 basehttp 12556 10168 "GET / HTTP/1.1" 200 20461
INFO 2026-04-29 09:05:54,719 basehttp 12556 10168 "GET /login/ HTTP/1.1" 200 4426
INFO 2026-04-29 09:05:58,399 basehttp 12556 10168 "POST /login/ HTTP/1.1" 302 0
INFO 2026-04-29 09:05:58,426 basehttp 12556 10168 "GET /dashboard/ HTTP/1.1" 200 15234
INFO 2026-04-29 09:06:11,950 basehttp 12556 10168 "GET /preferences/ HTTP/1.1" 200 12783
INFO 2026-04-29 09:08:24,830 autoreload 12556 2096 C:\Users\Rakesh\Downloads\civiqo_elective_optin\elective_optin\electives\views.py changed, reloading.
INFO 2026-04-29 09:08:25,917 autoreload 2636 13764 Watching for file changes with StatReloader
INFO 2026-04-29 09:09:50,849 basehttp 2636 7776 "GET /logout/ HTTP/1.1" 302 0
INFO 2026-04-29 09:09:50,906 basehttp 2636 7776 "GET / HTTP/1.1" 200 20461
INFO 2026-04-29 09:09:54,105 basehttp 2636 7776 "GET /login/ HTTP/1.1" 200 4426
INFO 2026-04-29 09:09:59,060 basehttp 2636 7776 "POST /login/ HTTP/1.1" 302 0
INFO 2026-04-29 09:09:59,084 basehttp 2636 7776 "GET /dashboard/ HTTP/1.1" 302 0
INFO 2026-04-29 09:09:59,136 basehttp 2636 7776 "GET /admin-panel/ HTTP/1.1" 200 19288
INFO 2026-04-29 09:10:11,868 basehttp 2636 7776 "POST /admin/run/ HTTP/1.1" 200 143
INFO 2026-04-29 09:10:13,934 basehttp 2636 7776 "GET /admin-panel/ HTTP/1.1" 200 19486
INFO 2026-04-29 09:10:46,897 basehttp 2636 7776 "POST /admin/override/ HTTP/1.1" 200 152
INFO 2026-04-29 09:10:48,980 basehttp 2636 7776 "GET /admin-panel/ HTTP/1.1" 200 19496
INFO 2026-04-29 09:14:41,431 autoreload 2636 13764 C:\Users\Rakesh\Downloads\civiqo_elective_optin\elective_optin\electives\utils.py changed, reloading.
INFO 2026-04-29 09:14:41,960 autoreload 15788 7008 Watching for file changes with StatReloader
INFO 2026-04-29 09:15:14,327 autoreload 15788 7008 C:\Users\Rakesh\Downloads\civiqo_elective_optin\elective_optin\electives\views.py changed, reloading.
INFO 2026-04-29 09:15:14,893 autoreload 10000 10904 Watching for file changes with StatReloader
INFO 2026-04-29 09:15:34,051 autoreload 10000 10904 C:\Users\Rakesh\Downloads\civiqo_elective_optin\elective_optin\electives\views.py changed, reloading.
INFO 2026-04-29 09:15:34,549 autoreload 6652 24956 Watching for file changes with StatReloader
INFO 2026-04-29 09:15:59,792 autoreload 6652 24956 C:\Users\Rakesh\Downloads\civiqo_elective_optin\elective_optin\electives\views.py changed, reloading.
INFO 2026-04-29 09:16:00,325 autoreload 13068 13328 Watching for file changes with StatReloader
INFO 2026-04-29 09:16:22,614 autoreload 13068 13328 C:\Users\Rakesh\Downloads\civiqo_elective_optin\elective_optin\electives\urls.py changed, reloading.
INFO 2026-04-29 09:16:23,156 autoreload 2424 22004 Watching for file changes with StatReloader
INFO 2026-04-29 09:18:41,730 autoreload 2424 22004 C:\Users\Rakesh\Downloads\civiqo_elective_optin\elective_optin\electives\views.py changed, reloading.
INFO 2026-04-29 09:18:42,238 autoreload 17768 25792 Watching for file changes with StatReloader
INFO 2026-04-29 09:25:36,761 basehttp 17768 7088 "GET /admin-panel/ HTTP/1.1" 200 19613
INFO 2026-04-29 09:25:36,792 basehttp 17768 7088 "GET /static/css/styles.css HTTP/1.1" 304 0
INFO 2026-04-29 09:25:42,048 basehttp 17768 7088 "GET /logout/ HTTP/1.1" 302 0
INFO 2026-04-29 09:25:42,097 basehttp 17768 7088 "GET / HTTP/1.1" 200 20461
INFO 2026-04-29 09:25:46,456 basehttp 17768 7088 "GET /login/ HTTP/1.1" 200 4426
INFO 2026-04-29 09:26:02,844 basehttp 17768 7088 "POST /login/ HTTP/1.1" 302 0
INFO 2026-04-29 09:26:02,876 basehttp 17768 7088 "GET /dashboard/ HTTP/1.1" 200 15329
INFO 2026-04-29 09:26:13,118 basehttp 17768 7088 "GET /profile/ HTTP/1.1" 200 9013
INFO 2026-04-29 09:26:40,354 basehttp 17768 7088 "GET /profile/edit/ HTTP/1.1" 200 6518
INFO 2026-04-29 09:26:57,975 basehttp 17768 7088 "GET /dashboard/ HTTP/1.1" 200 15006
INFO 2026-04-29 09:27:10,638 basehttp 17768 7088 "GET /logout/ HTTP/1.1" 302 0
INFO 2026-04-29 09:27:10,661 basehttp 17768 7088 "GET / HTTP/1.1" 200 20461
INFO 2026-04-29 09:27:12,719 basehttp 17768 7088 "GET /login/ HTTP/1.1" 200 4426
INFO 2026-04-29 09:27:17,551 basehttp 17768 7088 "POST /login/ HTTP/1.1" 302 0
INFO 2026-04-29 09:27:17,561 basehttp 17768 7088 "GET /dashboard/ HTTP/1.1" 302 0
INFO 2026-04-29 09:27:17,580 basehttp 17768 7088 "GET /admin-panel/ HTTP/1.1" 200 19930
INFO 2026-04-29 09:27:44,850 basehttp 17768 7088 "POST /admin/override/ HTTP/1.1" 200 96
WARNING 2026-04-29 09:38:00,186 log 17768 26628 Not Found: /.well-known/appspecific/com.chrome.devtools.json
WARNING 2026-04-29 09:38:00,187 basehttp 17768 26628 "GET /.well-known/appspecific/com.chrome.devtools.json HTTP/1.1" 404 7334
INFO 2026-04-29 09:46:01,111 basehttp 17768 7868 "GET /admin-panel/ HTTP/1.1" 200 21484
INFO 2026-04-29 09:46:01,173 basehttp 17768 22656 "GET /static/logo.png HTTP/1.1" 304 0
WARNING 2026-04-29 09:46:01,184 log 17768 7868 Not Found: /.well-known/appspecific/com.chrome.devtools.json
WARNING 2026-04-29 09:46:01,185 basehttp 17768 7868 "GET /.well-known/appspecific/com.chrome.devtools.json HTTP/1.1" 404 7334
INFO 2026-04-29 09:46:18,133 basehttp 17768 7868 "GET /profile/ HTTP/1.1" 200 8642
WARNING 2026-04-29 09:46:18,203 log 17768 7868 Not Found: /.well-known/appspecific/com.chrome.devtools.json
WARNING 2026-04-29 09:46:18,206 basehttp 17768 7868 "GET /.well-known/appspecific/com.chrome.devtools.json HTTP/1.1" 404 7334
INFO 2026-04-29 09:46:28,366 basehttp 17768 7868 "GET / HTTP/1.1" 302 0
INFO 2026-04-29 09:46:28,390 basehttp 17768 7868 "GET /dashboard/ HTTP/1.1" 302 0
INFO 2026-04-29 09:46:28,448 basehttp 17768 7868 "GET /admin-panel/ HTTP/1.1" 200 21484
INFO 2026-04-29 09:48:54,888 basehttp 17768 7868 "GET /admin-panel/ HTTP/1.1" 200 19613
INFO 2026-04-29 09:49:27,351 basehttp 17768 7868 "GET /profile/ HTTP/1.1" 200 6771
INFO 2026-04-29 09:51:38,372 basehttp 17768 7868 "GET /profile/ HTTP/1.1" 200 8740
INFO 2026-04-29 09:51:39,865 basehttp 17768 7868 "GET /profile/ HTTP/1.1" 200 8740
INFO 2026-04-29 09:55:22,839 basehttp 17768 7868 "GET /profile/ HTTP/1.1" 200 9341
INFO 2026-04-29 09:57:55,817 basehttp 17768 7868 "GET /profile/ HTTP/1.1" 200 9706
INFO 2026-04-29 09:58:15,669 basehttp 17768 7868 "GET /logout/ HTTP/1.1" 302 0
INFO 2026-04-29 09:58:15,750 basehttp 17768 7868 "GET / HTTP/1.1" 200 20461
INFO 2026-04-29 09:58:18,091 basehttp 17768 7868 "GET /login/ HTTP/1.1" 200 4426
INFO 2026-04-29 09:58:32,818 basehttp 17768 7868 "POST /login/ HTTP/1.1" 302 0
INFO 2026-04-29 09:58:32,969 basehttp 17768 7868 "GET /dashboard/ HTTP/1.1" 200 17281
INFO 2026-04-29 10:01:56,263 basehttp 17768 7868 "GET /profile/ HTTP/1.1" 200 14008
INFO 2026-04-29 10:03:31,214 basehttp 17768 7868 "GET / HTTP/1.1" 302 0
INFO 2026-04-29 10:03:31,328 basehttp 17768 7868 "GET /dashboard/ HTTP/1.1" 200 16958
WARNING 2026-04-29 10:03:35,349 log 17768 7868 Not Found: /.well-known/appspecific/com.chrome.devtools.json
WARNING 2026-04-29 10:03:35,353 basehttp 17768 7868 "GET /.well-known/appspecific/com.chrome.devtools.json HTTP/1.1" 404 7334
WARNING 2026-04-29 10:04:03,885 log 17768 7868 Not Found: /.well-known/appspecific/com.chrome.devtools.json
WARNING 2026-04-29 10:04:03,887 basehttp 17768 7868 "GET /.well-known/appspecific/com.chrome.devtools.json HTTP/1.1" 404 7334
INFO 2026-04-29 10:07:10,990 basehttp 17768 7868 "GET /dashboard/ HTTP/1.1" 200 16958
WARNING 2026-04-29 10:07:11,060 log 17768 7868 Not Found: /.well-known/appspecific/com.chrome.devtools.json
WARNING 2026-04-29 10:07:11,064 basehttp 17768 7868 "GET /.well-known/appspecific/com.chrome.devtools.json HTTP/1.1" 404 7334
INFO 2026-04-29 10:07:17,516 basehttp 17768 7868 "GET /profile/ HTTP/1.1" 200 13918
WARNING 2026-04-29 10:07:17,586 log 17768 7868 Not Found: /.well-known/appspecific/com.chrome.devtools.json
WARNING 2026-04-29 10:07:17,605 basehttp 17768 7868 "GET /.well-known/appspecific/com.chrome.devtools.json HTTP/1.1" 404 7334
INFO 2026-04-29 10:07:35,903 basehttp 17768 7868 "GET /logout/ HTTP/1.1" 302 0
INFO 2026-04-29 10:07:35,959 basehttp 17768 7868 "GET / HTTP/1.1" 200 20461
INFO 2026-04-29 10:07:39,621 basehttp 17768 7868 "GET /login/ HTTP/1.1" 200 4426
INFO 2026-04-29 10:07:48,236 basehttp 17768 7868 "POST /login/ HTTP/1.1" 302 0
INFO 2026-04-29 10:07:48,265 basehttp 17768 7868 "GET /dashboard/ HTTP/1.1" 302 0
INFO 2026-04-29 10:07:48,471 basehttp 17768 7868 "GET /admin-panel/ HTTP/1.1" 200 21899
INFO 2026-04-29 10:07:59,086 basehttp 17768 7868 "GET /profile/ HTTP/1.1" 200 14102
WARNING 2026-04-29 10:09:00,521 log 17768 7868 Not Found: /.well-known/appspecific/com.chrome.devtools.json
WARNING 2026-04-29 10:09:00,525 basehttp 17768 7868 "GET /.well-known/appspecific/com.chrome.devtools.json HTTP/1.1" 404 7334
INFO 2026-04-29 10:09:09,178 basehttp 17768 7868 "GET / HTTP/1.1" 302 0
INFO 2026-04-29 10:09:09,215 basehttp 17768 7868 "GET /dashboard/ HTTP/1.1" 302 0
INFO 2026-04-29 10:09:09,307 basehttp 17768 7868 "GET /admin-panel/ HTTP/1.1" 200 21582
WARNING 2026-04-29 10:09:09,380 log 17768 7868 Not Found: /.well-known/appspecific/com.chrome.devtools.json
WARNING 2026-04-29 10:09:09,388 basehttp 17768 7868 "GET /.well-known/appspecific/com.chrome.devtools.json HTTP/1.1" 404 7334
INFO 2026-04-29 10:11:54,947 basehttp 17768 7868 "GET /profile/ HTTP/1.1" 200 14120
WARNING 2026-04-29 10:11:55,041 log 17768 7868 Not Found: /.well-known/appspecific/com.chrome.devtools.json
WARNING 2026-04-29 10:11:55,043 basehttp 17768 7868 "GET /.well-known/appspecific/com.chrome.devtools.json HTTP/1.1" 404 7334
INFO 2026-04-29 10:11:55,300 basehttp 17768 21836 "GET /static/css/styles.css HTTP/1.1" 200 47122
INFO 2026-04-29 10:12:04,523 basehttp 17768 21836 "GET /logout/ HTTP/1.1" 302 0
INFO 2026-04-29 10:12:04,584 basehttp 17768 21836 "GET / HTTP/1.1" 200 20461
WARNING 2026-04-29 10:12:04,681 log 17768 21836 Not Found: /.well-known/appspecific/com.chrome.devtools.json
WARNING 2026-04-29 10:12:04,683 basehttp 17768 21836 "GET /.well-known/appspecific/com.chrome.devtools.json HTTP/1.1" 404 7334
INFO 2026-04-29 10:12:06,929 basehttp 17768 21836 "GET /login/ HTTP/1.1" 200 4426
WARNING 2026-04-29 10:12:07,024 log 17768 21836 Not Found: /.well-known/appspecific/com.chrome.devtools.json
WARNING 2026-04-29 10:12:07,029 basehttp 17768 21836 "GET /.well-known/appspecific/com.chrome.devtools.json HTTP/1.1" 404 7334
INFO 2026-04-29 10:12:07,032 basehttp 17768 21836 - Broken pipe from ('127.0.0.1', 52720)
INFO 2026-04-29 10:12:26,100 basehttp 17768 7868 "POST /login/ HTTP/1.1" 302 0
INFO 2026-04-29 10:12:26,205 basehttp 17768 7868 "GET /dashboard/ HTTP/1.1" 200 15121
WARNING 2026-04-29 10:12:26,303 log 17768 7868 Not Found: /.well-known/appspecific/com.chrome.devtools.json
WARNING 2026-04-29 10:12:26,306 basehttp 17768 7868 "GET /.well-known/appspecific/com.chrome.devtools.json HTTP/1.1" 404 7334
INFO 2026-04-29 10:12:26,307 basehttp 17768 14288 "GET /static/css/styles.css HTTP/1.1" 304 0
INFO 2026-04-29 10:12:31,787 basehttp 17768 14288 "GET /profile/ HTTP/1.1" 200 13911
WARNING 2026-04-29 10:12:31,878 log 17768 14288 Not Found: /.well-known/appspecific/com.chrome.devtools.json
WARNING 2026-04-29 10:12:31,880 basehttp 17768 14288 "GET /.well-known/appspecific/com.chrome.devtools.json HTTP/1.1" 404 7334
INFO 2026-04-29 12:01:25,142 autoreload 34200 34204 Watching for file changes with StatReloader
INFO 2026-04-29 12:01:51,173 basehttp 34200 34424 "GET / HTTP/1.1" 200 20144
INFO 2026-04-29 12:01:51,360 basehttp 34200 34424 "GET /static/logo.png HTTP/1.1" 304 0
INFO 2026-04-29 12:01:59,214 basehttp 34200 34424 "GET /login/ HTTP/1.1" 200 4426
INFO 2026-04-29 12:02:01,995 basehttp 34200 34424 "POST /login/ HTTP/1.1" 302 0
INFO 2026-04-29 12:02:02,062 basehttp 34200 34424 "GET /dashboard/ HTTP/1.1" 200 15121
INFO 2026-04-29 12:02:42,745 basehttp 34200 34424 "GET /logout/ HTTP/1.1" 302 0
INFO 2026-04-29 12:02:42,779 basehttp 34200 34424 "GET / HTTP/1.1" 200 20461
INFO 2026-04-29 12:08:08,733 basehttp 34200 17904 "GET /login/ HTTP/1.1" 200 4426
INFO 2026-04-29 12:08:08,777 basehttp 34200 17904 "GET /static/css/styles.css HTTP/1.1" 304 0
INFO 2026-04-29 12:08:13,201 basehttp 34200 17904 "POST /login/ HTTP/1.1" 302 0
INFO 2026-04-29 12:08:13,215 basehttp 34200 17904 "GET /dashboard/ HTTP/1.1" 302 0
INFO 2026-04-29 12:08:13,238 basehttp 34200 17904 "GET /admin-panel/ HTTP/1.1" 200 21899
INFO 2026-04-29 12:08:17,713 basehttp 34200 17904 "GET /admin/csv-upload/ HTTP/1.1" 200 19703
INFO 2026-04-29 12:08:49,650 basehttp 34200 17904 "POST /admin/csv-upload/ HTTP/1.1" 302 0
INFO 2026-04-29 12:08:49,662 basehttp 34200 17904 "GET /admin/csv-upload/ HTTP/1.1" 200 21694
INFO 2026-04-29 12:10:07,016 basehttp 34200 17904 "POST /admin/csv-upload/ HTTP/1.1" 302 0
INFO 2026-04-29 12:10:07,025 basehttp 34200 17904 "GET /admin/csv-upload/ HTTP/1.1" 200 20337
INFO 2026-04-29 12:14:28,052 basehttp 34200 17904 "POST /admin/csv-upload/ HTTP/1.1" 302 0
INFO 2026-04-29 12:14:28,075 basehttp 34200 17904 "GET /admin/csv-upload/ HTTP/1.1" 200 20511
INFO 2026-04-29 12:14:43,868 basehttp 34200 17904 "GET /admin/sample/courses/ HTTP/1.1" 200 283
INFO 2026-04-29 12:15:59,164 basehttp 34200 33876 "POST /admin/csv-upload/ HTTP/1.1" 302 0
INFO 2026-04-29 12:15:59,192 basehttp 34200 33876 "GET /admin/csv-upload/ HTTP/1.1" 200 20511
INFO 2026-04-29 12:16:34,614 basehttp 34200 33876 "POST /admin/csv-upload/ HTTP/1.1" 302 0
INFO 2026-04-29 12:16:34,644 basehttp 34200 33876 "GET /admin/csv-upload/ HTTP/1.1" 200 21565
INFO 2026-04-29 12:16:51,203 basehttp 34200 33876 "GET / HTTP/1.1" 302 0
INFO 2026-04-29 12:16:51,221 basehttp 34200 33876 "GET /dashboard/ HTTP/1.1" 302 0
INFO 2026-04-29 12:16:51,255 basehttp 34200 33876 "GET /admin-panel/ HTTP/1.1" 200 21582
INFO 2026-04-29 12:23:47,458 basehttp 34200 21784 "GET /admin-panel/ HTTP/1.1" 200 24841
INFO 2026-04-29 12:23:47,481 basehttp 34200 21784 "GET /static/css/styles.css HTTP/1.1" 304 0
INFO 2026-04-29 12:23:50,232 basehttp 34200 21784 "GET /admin/csv-upload/ HTTP/1.1" 200 19703
INFO 2026-04-29 12:24:03,317 basehttp 34200 21784 "POST /admin/csv-upload/ HTTP/1.1" 302 0
INFO 2026-04-29 12:24:03,342 basehttp 34200 21784 "GET /admin/csv-upload/ HTTP/1.1" 200 21565
INFO 2026-04-29 12:24:19,967 basehttp 34200 21784 "GET /admin/diagnostic/ HTTP/1.1" 200 14951
INFO 2026-04-29 12:24:27,479 basehttp 34200 21784 "GET /admin/ HTTP/1.1" 200 10115
INFO 2026-04-29 12:24:31,400 basehttp 34200 21784 "GET /admin/electives/course/add/ HTTP/1.1" 200 22223
INFO 2026-04-29 12:24:31,434 basehttp 34200 21784 "GET /admin/jsi18n/ HTTP/1.1" 200 3343
INFO 2026-04-29 12:25:18,394 basehttp 34200 21784 "GET /admin/ HTTP/1.1" 200 10115
INFO 2026-04-29 12:25:54,436 basehttp 34200 21784 "GET /admin/diagnostic/ HTTP/1.1" 200 14954
INFO 2026-04-29 12:26:02,289 basehttp 34200 21784 "GET /admin/csv-upload/ HTTP/1.1" 200 19703
INFO 2026-04-29 12:28:01,719 basehttp 34200 21784 "POST /admin/csv-upload/ HTTP/1.1" 302 0
INFO 2026-04-29 12:28:01,729 basehttp 34200 21784 "GET /admin/csv-upload/ HTTP/1.1" 200 20744
INFO 2026-04-29 12:29:47,942 basehttp 34200 21784 "POST /admin/csv-upload/ HTTP/1.1" 302 0
INFO 2026-04-29 12:29:47,957 basehttp 34200 21784 "GET /admin/csv-upload/ HTTP/1.1" 200 20758
INFO 2026-04-29 12:30:04,843 basehttp 34200 21784 "GET /admin/diagnostic/ HTTP/1.1" 200 14956
INFO 2026-04-29 12:30:08,303 basehttp 34200 21784 "GET /admin/ HTTP/1.1" 200 10115
INFO 2026-04-29 12:30:10,934 basehttp 34200 21784 "GET /admin/electives/student/ HTTP/1.1" 200 19265
INFO 2026-04-29 12:30:10,969 basehttp 34200 21784 "GET /admin/jsi18n/ HTTP/1.1" 200 3343
INFO 2026-04-29 12:30:42,130 basehttp 34200 21784 "POST /admin/electives/student/ HTTP/1.1" 200 10567
INFO 2026-04-29 12:30:42,248 basehttp 34200 21784 "GET /static/admin/js/cancel.js HTTP/1.1" 200 884
INFO 2026-04-29 12:30:44,433 basehttp 34200 21784 "POST /admin/electives/student/ HTTP/1.1" 302 0
INFO 2026-04-29 12:30:44,471 basehttp 34200 21784 "GET /admin/electives/student/ HTTP/1.1" 200 16930
INFO 2026-04-29 12:30:44,506 basehttp 34200 21784 "GET /admin/jsi18n/ HTTP/1.1" 200 3343
INFO 2026-04-29 12:30:57,621 basehttp 34200 21784 "POST /admin/electives/student/ HTTP/1.1" 200 9600
INFO 2026-04-29 12:31:02,715 basehttp 34200 21784 "POST /admin/electives/student/ HTTP/1.1" 200 16792
INFO 2026-04-29 12:31:02,741 basehttp 34200 21784 "GET /admin/jsi18n/ HTTP/1.1" 200 3343
INFO 2026-04-29 12:31:05,318 basehttp 34200 21784 "GET /admin/ HTTP/1.1" 200 11667
INFO 2026-04-29 12:31:05,363 basehttp 34200 21784 "GET /static/admin/img/icon-deletelink.svg HTTP/1.1" 200 392
INFO 2026-04-29 12:31:16,230 basehttp 34200 21784 "POST /admin/electives/student/ HTTP/1.1" 200 9600
INFO 2026-04-29 12:31:19,483 basehttp 34200 21784 "POST /admin/electives/student/ HTTP/1.1" 200 16792
INFO 2026-04-29 12:31:19,523 basehttp 34200 21784 "GET /admin/jsi18n/ HTTP/1.1" 200 3343
INFO 2026-04-29 12:31:24,581 basehttp 34200 21784 "GET /admin/ HTTP/1.1" 200 11667
INFO 2026-04-29 12:31:33,638 basehttp 34200 21784 "GET /admin/ HTTP/1.1" 200 11667
INFO 2026-04-29 12:31:39,951 basehttp 34200 21784 "GET / HTTP/1.1" 302 0
INFO 2026-04-29 12:31:39,968 basehttp 34200 21784 "GET /dashboard/ HTTP/1.1" 302 0
INFO 2026-04-29 12:31:39,992 basehttp 34200 21784 "GET /admin-panel/ HTTP/1.1" 200 25843
INFO 2026-04-29 12:32:03,264 basehttp 34200 21784 "GET /logout/ HTTP/1.1" 302 0
INFO 2026-04-29 12:32:03,303 basehttp 34200 21784 "GET / HTTP/1.1" 200 22165
INFO 2026-04-29 12:32:14,580 basehttp 34200 21784 "GET /login/ HTTP/1.1" 200 4426
INFO 2026-04-29 12:32:21,678 basehttp 34200 21784 "GET /courses/23CST501/ HTTP/1.1" 200 9467
INFO 2026-04-29 12:32:21,706 basehttp 34200 21784 "GET /static/js/ajax_seats.js HTTP/1.1" 304 0
INFO 2026-04-29 12:32:21,716 basehttp 34200 21784 "GET /api/seats/1/ HTTP/1.1" 200 72
INFO 2026-04-29 12:32:36,722 basehttp 34200 21784 "GET /api/seats/1/ HTTP/1.1" 200 72
INFO 2026-04-29 12:32:51,719 basehttp 34200 21784 "GET /api/seats/1/ HTTP/1.1" 200 72
INFO 2026-04-29 12:33:06,727 basehttp 34200 21784 "GET /api/seats/1/ HTTP/1.1" 200 72
INFO 2026-04-29 12:33:21,721 basehttp 34200 21784 "GET /api/seats/1/ HTTP/1.1" 200 72
INFO 2026-04-29 12:33:36,727 basehttp 34200 21784 "GET /api/seats/1/ HTTP/1.1" 200 72
INFO 2026-04-29 12:33:51,738 basehttp 34200 21784 "GET /api/seats/1/ HTTP/1.1" 200 72
INFO 2026-04-29 12:34:06,730 basehttp 34200 21784 "GET /api/seats/1/ HTTP/1.1" 200 72
INFO 2026-04-29 12:34:21,723 basehttp 34200 21784 "GET /api/seats/1/ HTTP/1.1" 200 72
INFO 2026-04-29 12:34:36,738 basehttp 34200 21784 "GET /api/seats/1/ HTTP/1.1" 200 72
INFO 2026-04-29 12:34:51,727 basehttp 34200 21784 "GET /api/seats/1/ HTTP/1.1" 200 72
INFO 2026-04-29 12:35:06,729 basehttp 34200 21784 "GET /api/seats/1/ HTTP/1.1" 200 72
INFO 2026-04-29 12:35:21,729 basehttp 34200 21784 "GET /api/seats/1/ HTTP/1.1" 200 72
INFO 2026-04-29 12:35:36,721 basehttp 34200 21784 "GET /api/seats/1/ HTTP/1.1" 200 72
INFO 2026-04-29 12:35:51,722 basehttp 34200 21784 "GET /api/seats/1/ HTTP/1.1" 200 72
INFO 2026-04-29 12:36:02,293 basehttp 34200 21784 "GET /login/ HTTP/1.1" 200 4426
INFO 2026-04-29 12:36:10,940 basehttp 34200 21784 "GET / HTTP/1.1" 200 21854
INFO 2026-04-29 12:36:16,332 basehttp 34200 21784 "GET /login/ HTTP/1.1" 200 4426
INFO 2026-04-29 12:36:18,360 basehttp 34200 21784 "POST /login/ HTTP/1.1" 302 0
INFO 2026-04-29 12:36:18,378 basehttp 34200 21784 "GET /dashboard/ HTTP/1.1" 302 0
INFO 2026-04-29 12:36:18,400 basehttp 34200 21784 "GET /admin-panel/ HTTP/1.1" 200 26160
INFO 2026-04-29 12:36:39,703 basehttp 34200 21784 "GET /catalog/ HTTP/1.1" 200 51056
INFO 2026-04-29 12:36:39,733 basehttp 34200 21784 "GET /api/seats/?ids=5,6,7,1,2,3,10,4,8,9 HTTP/1.1" 200 525
INFO 2026-04-29 12:36:41,208 basehttp 34200 21784 "GET / HTTP/1.1" 302 0
INFO 2026-04-29 12:36:41,224 basehttp 34200 21784 "GET /dashboard/ HTTP/1.1" 302 0
INFO 2026-04-29 12:36:41,276 basehttp 34200 21784 "GET /admin-panel/ HTTP/1.1" 200 25843
INFO 2026-04-29 12:36:45,734 basehttp 34200 21784 "GET / HTTP/1.1" 302 0
INFO 2026-04-29 12:36:45,750 basehttp 34200 21784 "GET /dashboard/ HTTP/1.1" 302 0
INFO 2026-04-29 12:36:45,792 basehttp 34200 21784 "GET /admin-panel/ HTTP/1.1" 200 25843
INFO 2026-04-29 12:36:47,608 basehttp 34200 21784 "GET /catalog/ HTTP/1.1" 200 51056
INFO 2026-04-29 12:36:47,641 basehttp 34200 21784 "GET /api/seats/?ids=5,6,7,1,2,3,10,4,8,9 HTTP/1.1" 200 525
INFO 2026-04-29 12:36:50,851 basehttp 34200 21784 "GET /admin-panel/ HTTP/1.1" 200 25843
INFO 2026-04-29 12:55:14,873 basehttp 34200 36400 "GET /logout/ HTTP/1.1" 302 0
INFO 2026-04-29 12:55:14,905 basehttp 34200 36400 "GET / HTTP/1.1" 200 22105
INFO 2026-04-29 12:55:14,950 basehttp 34200 36400 "GET /static/css/styles.css HTTP/1.1" 304 0
INFO 2026-04-29 12:55:36,859 basehttp 34200 36400 "GET /courses/23CSO612/ HTTP/1.1" 200 9399
INFO 2026-04-29 12:55:36,942 basehttp 34200 36400 "GET /api/seats/7/ HTTP/1.1" 200 72
INFO 2026-04-29 13:08:26,438 basehttp 34200 31884 "GET /catalog/ HTTP/1.1" 200 47460
INFO 2026-04-29 13:08:26,510 basehttp 34200 31884 "GET /static/logo.png HTTP/1.1" 304 0
INFO 2026-04-29 13:08:26,536 basehttp 34200 31884 "GET /api/seats/?ids=5,6,7,1,2,3,10,4,8,9 HTTP/1.1" 200 525
INFO 2026-04-29 13:08:28,311 basehttp 34200 31884 "GET / HTTP/1.1" 200 21826
INFO 2026-04-29 13:12:11,851 basehttp 34200 27056 "GET /login/ HTTP/1.1" 200 4426
INFO 2026-04-29 13:12:11,895 basehttp 34200 27056 "GET /static/css/styles.css HTTP/1.1" 304 0
INFO 2026-04-29 13:12:17,609 basehttp 34200 27056 "GET /register/ HTTP/1.1" 200 7829
INFO 2026-04-29 13:12:20,574 basehttp 34200 27056 "GET /login/ HTTP/1.1" 200 4426
INFO 2026-04-29 13:12:24,789 basehttp 34200 27056 "POST /login/ HTTP/1.1" 302 0
INFO 2026-04-29 13:12:24,838 basehttp 34200 27056 "GET /dashboard/ HTTP/1.1" 200 17281
INFO 2026-04-29 13:13:03,154 basehttp 34200 27056 "GET /catalog/ HTTP/1.1" 200 51699
INFO 2026-04-29 13:13:03,274 basehttp 34200 27056 "GET /api/seats/?ids=5,6,7,1,2,3,10,4,8,9 HTTP/1.1" 200 525
INFO 2026-04-29 13:13:10,070 basehttp 34200 27056 "GET /courses/23CSE601/ HTTP/1.1" 200 12097
INFO 2026-04-29 13:13:10,144 basehttp 34200 27056 "GET /api/seats/5/ HTTP/1.1" 200 72
INFO 2026-04-29 13:13:21,560 basehttp 34200 27056 "GET /preferences/ HTTP/1.1" 200 15016
INFO 2026-04-29 13:13:29,614 basehttp 34200 27056 "GET /logout/ HTTP/1.1" 302 0
INFO 2026-04-29 13:13:29,650 basehttp 34200 27056 "GET / HTTP/1.1" 200 22120
INFO 2026-04-29 13:13:32,345 basehttp 34200 27056 "GET /login/ HTTP/1.1" 200 4426
INFO 2026-04-29 13:13:36,507 basehttp 34200 27056 "POST /login/ HTTP/1.1" 302 0
INFO 2026-04-29 13:13:36,525 basehttp 34200 27056 "GET /dashboard/ HTTP/1.1" 302 0
INFO 2026-04-29 13:13:36,560 basehttp 34200 27056 "GET /admin-panel/ HTTP/1.1" 200 26160
INFO 2026-04-29 13:13:51,287 basehttp 34200 27056 "GET /admin/csv-upload/ HTTP/1.1" 200 19703
INFO 2026-04-29 13:14:02,448 basehttp 34200 27056 "POST /admin/csv-upload/ HTTP/1.1" 302 0
INFO 2026-04-29 13:14:02,472 basehttp 34200 27056 "GET /admin/csv-upload/ HTTP/1.1" 200 20758
INFO 2026-04-29 13:14:31,712 basehttp 34200 27056 "GET /admin/diagnostic/ HTTP/1.1" 200 14956
INFO 2026-04-29 13:14:35,284 basehttp 34200 27056 "GET /admin/ HTTP/1.1" 200 11667
INFO 2026-04-29 13:14:44,924 basehttp 34200 27056 "GET / HTTP/1.1" 302 0
INFO 2026-04-29 13:14:44,939 basehttp 34200 27056 "GET /dashboard/ HTTP/1.1" 302 0
INFO 2026-04-29 13:14:44,966 basehttp 34200 27056 "GET /admin-panel/ HTTP/1.1" 200 25844
INFO 2026-04-29 13:14:55,688 basehttp 34200 27056 "GET /logout/ HTTP/1.1" 302 0
INFO 2026-04-29 13:14:55,732 basehttp 34200 27056 "GET / HTTP/1.1" 200 22239
INFO 2026-04-29 13:14:58,518 basehttp 34200 27056 "GET /login/ HTTP/1.1" 200 4426
INFO 2026-04-29 13:15:11,138 basehttp 34200 32968 "POST /login/ HTTP/1.1" 302 0
INFO 2026-04-29 13:15:11,187 basehttp 34200 32968 "GET /dashboard/ HTTP/1.1" 200 12370
INFO 2026-04-29 13:15:15,778 basehttp 34200 32968 "GET /preferences/ HTTP/1.1" 200 13285
INFO 2026-04-29 13:15:22,372 basehttp 34200 32968 "GET /catalog/ HTTP/1.1" 200 51751
INFO 2026-04-29 13:15:22,458 basehttp 34200 32968 "GET /api/seats/?ids=5,6,7,1,2,3,10,4,8,9 HTTP/1.1" 200 525
INFO 2026-04-29 13:15:28,036 basehttp 34200 32968 "GET /courses/23CSO611/ HTTP/1.1" 200 11755
INFO 2026-04-29 13:15:28,111 basehttp 34200 32968 "GET /api/seats/6/ HTTP/1.1" 200 72
INFO 2026-04-29 13:15:41,075 basehttp 34200 32968 "GET /catalog/?department=CSE HTTP/1.1" 200 51742
INFO 2026-04-29 13:15:41,159 basehttp 34200 32968 "GET /api/seats/?ids=5,6,7,1,2,3,10,4,8,9 HTTP/1.1" 200 525
INFO 2026-04-29 13:15:44,279 basehttp 34200 32968 "POST /preferences/add/6/ HTTP/1.1" 200 60
INFO 2026-04-29 13:15:59,717 basehttp 34200 32968 "POST /preferences/add/7/ HTTP/1.1" 200 60
INFO 2026-04-29 13:16:01,118 basehttp 34200 32968 "GET /api/seats/?ids=5,6,7,1,2,3,10,4,8,9 HTTP/1.1" 200 525
INFO 2026-04-29 13:16:03,012 basehttp 34200 32968 "POST /preferences/add/2/ HTTP/1.1" 200 84
INFO 2026-04-29 13:16:10,031 basehttp 34200 32968 "GET /logout/ HTTP/1.1" 302 0
INFO 2026-04-29 13:16:10,062 basehttp 34200 32968 "GET / HTTP/1.1" 200 22153
INFO 2026-04-29 13:16:11,681 basehttp 34200 32968 "GET /login/ HTTP/1.1" 200 4426
INFO 2026-04-29 13:16:18,998 basehttp 34200 32968 "POST /login/ HTTP/1.1" 302 0
INFO 2026-04-29 13:16:19,015 basehttp 34200 32968 "GET /dashboard/ HTTP/1.1" 302 0
INFO 2026-04-29 13:16:19,041 basehttp 34200 32968 "GET /admin-panel/ HTTP/1.1" 200 26161
INFO 2026-04-29 13:16:21,472 basehttp 34200 32968 "POST /admin/run/ HTTP/1.1" 200 143
INFO 2026-04-29 13:16:23,558 basehttp 34200 32968 "GET /admin-panel/ HTTP/1.1" 200 26359
INFO 2026-04-29 13:16:31,126 basehttp 34200 32968 "GET /admin/download/summary-pdf/ HTTP/1.1" 200 2687
INFO 2026-04-29 13:18:25,162 basehttp 34200 32968 "GET /logout/ HTTP/1.1" 302 0
INFO 2026-04-29 13:18:25,198 basehttp 34200 32968 "GET / HTTP/1.1" 200 22128
INFO 2026-04-29 13:18:26,605 basehttp 34200 32968 "GET /login/ HTTP/1.1" 200 4426
INFO 2026-04-29 13:18:28,553 basehttp 34200 32968 "POST /login/ HTTP/1.1" 302 0
INFO 2026-04-29 13:18:28,571 basehttp 34200 32968 "GET /dashboard/ HTTP/1.1" 302 0
INFO 2026-04-29 13:18:28,600 basehttp 34200 32968 "GET /admin-panel/ HTTP/1.1" 200 26676
INFO 2026-04-29 13:18:51,642 basehttp 34200 32968 "GET /admin/diagnostic/ HTTP/1.1" 200 14958
INFO 2026-04-29 13:22:38,375 basehttp 34200 32968 "GET /catalog/ HTTP/1.1" 200 51041
INFO 2026-04-29 13:22:38,460 basehttp 34200 32968 "GET /api/seats/?ids=5,6,7,1,2,3,10,4,8,9 HTTP/1.1" 200 523
INFO 2026-04-29 13:22:58,911 basehttp 34200 32968 "GET /api/seats/?ids=5,6,7,1,2,3,10,4,8,9 HTTP/1.1" 200 523
INFO 2026-04-29 13:23:18,934 basehttp 34200 32968 "GET /api/seats/?ids=5,6,7,1,2,3,10,4,8,9 HTTP/1.1" 200 523
INFO 2026-04-29 13:23:38,922 basehttp 34200 32968 "GET /api/seats/?ids=5,6,7,1,2,3,10,4,8,9 HTTP/1.1" 200 523
INFO 2026-04-29 13:23:58,911 basehttp 34200 32968 "GET /api/seats/?ids=5,6,7,1,2,3,10,4,8,9 HTTP/1.1" 200 523
INFO 2026-04-29 13:24:18,904 basehttp 34200 32968 "GET /api/seats/?ids=5,6,7,1,2,3,10,4,8,9 HTTP/1.1" 200 523
INFO 2026-04-29 13:24:38,906 basehttp 34200 32968 "GET /api/seats/?ids=5,6,7,1,2,3,10,4,8,9 HTTP/1.1" 200 523
INFO 2026-04-29 13:24:58,919 basehttp 34200 32968 "GET /api/seats/?ids=5,6,7,1,2,3,10,4,8,9 HTTP/1.1" 200 523
INFO 2026-04-29 13:25:28,125 basehttp 34200 32968 "GET /api/seats/?ids=5,6,7,1,2,3,10,4,8,9 HTTP/1.1" 200 523
INFO 2026-04-29 13:25:38,917 basehttp 34200 32968 "GET /api/seats/?ids=5,6,7,1,2,3,10,4,8,9 HTTP/1.1" 200 523
INFO 2026-04-29 13:25:58,913 basehttp 34200 32968 "GET /api/seats/?ids=5,6,7,1,2,3,10,4,8,9 HTTP/1.1" 200 523
INFO 2026-04-29 13:26:18,919 basehttp 34200 32968 "GET /api/seats/?ids=5,6,7,1,2,3,10,4,8,9 HTTP/1.1" 200 523
INFO 2026-04-29 13:27:19,917 basehttp 34200 32968 "GET /api/seats/?ids=5,6,7,1,2,3,10,4,8,9 HTTP/1.1" 200 523
INFO 2026-04-29 13:28:20,918 basehttp 34200 32968 "GET /api/seats/?ids=5,6,7,1,2,3,10,4,8,9 HTTP/1.1" 200 523
INFO 2026-04-29 13:29:21,924 basehttp 34200 32968 "GET /api/seats/?ids=5,6,7,1,2,3,10,4,8,9 HTTP/1.1" 200 523
INFO 2026-04-29 13:30:22,927 basehttp 34200 32968 "GET /api/seats/?ids=5,6,7,1,2,3,10,4,8,9 HTTP/1.1" 200 523
INFO 2026-04-29 13:31:23,919 basehttp 34200 32968 "GET /api/seats/?ids=5,6,7,1,2,3,10,4,8,9 HTTP/1.1" 200 523
INFO 2026-04-29 13:32:24,919 basehttp 34200 32968 "GET /api/seats/?ids=5,6,7,1,2,3,10,4,8,9 HTTP/1.1" 200 523
INFO 2026-04-29 13:33:25,965 basehttp 34200 32968 "GET /api/seats/?ids=5,6,7,1,2,3,10,4,8,9 HTTP/1.1" 200 523
INFO 2026-04-29 13:34:26,909 basehttp 34200 32968 "GET /api/seats/?ids=5,6,7,1,2,3,10,4,8,9 HTTP/1.1" 200 523
INFO 2026-04-29 13:35:27,922 basehttp 34200 32968 "GET /api/seats/?ids=5,6,7,1,2,3,10,4,8,9 HTTP/1.1" 200 523
INFO 2026-04-29 13:36:28,921 basehttp 34200 32968 "GET /api/seats/?ids=5,6,7,1,2,3,10,4,8,9 HTTP/1.1" 200 523
INFO 2026-04-29 13:37:29,906 basehttp 34200 32968 "GET /api/seats/?ids=5,6,7,1,2,3,10,4,8,9 HTTP/1.1" 200 523
INFO 2026-04-29 13:38:30,915 basehttp 34200 32968 "GET /api/seats/?ids=5,6,7,1,2,3,10,4,8,9 HTTP/1.1" 200 523
INFO 2026-04-29 13:39:31,922 basehttp 34200 32968 "GET /api/seats/?ids=5,6,7,1,2,3,10,4,8,9 HTTP/1.1" 200 523
INFO 2026-04-29 13:40:31,926 basehttp 34200 32968 "GET /api/seats/?ids=5,6,7,1,2,3,10,4,8,9 HTTP/1.1" 200 523
INFO 2026-04-29 13:41:31,977 basehttp 34200 32968 "GET /api/seats/?ids=5,6,7,1,2,3,10,4,8,9 HTTP/1.1" 200 523
INFO 2026-04-29 13:42:38,341 basehttp 34200 32968 "GET /api/seats/?ids=5,6,7,1,2,3,10,4,8,9 HTTP/1.1" 200 523
INFO 2026-04-29 13:43:31,916 basehttp 34200 32968 "GET /api/seats/?ids=5,6,7,1,2,3,10,4,8,9 HTTP/1.1" 200 523
INFO 2026-04-29 13:44:31,926 basehttp 34200 32968 "GET /api/seats/?ids=5,6,7,1,2,3,10,4,8,9 HTTP/1.1" 200 523
INFO 2026-04-29 13:45:31,919 basehttp 34200 35280 "GET /api/seats/?ids=5,6,7,1,2,3,10,4,8,9 HTTP/1.1" 200 523
INFO 2026-04-29 13:46:31,922 basehttp 34200 35696 "GET /api/seats/?ids=5,6,7,1,2,3,10,4,8,9 HTTP/1.1" 200 523
INFO 2026-04-29 13:47:31,915 basehttp 34200 35696 "GET /api/seats/?ids=5,6,7,1,2,3,10,4,8,9 HTTP/1.1" 200 523
INFO 2026-04-29 13:48:31,904 basehttp 34200 35696 "GET /api/seats/?ids=5,6,7,1,2,3,10,4,8,9 HTTP/1.1" 200 523
INFO 2026-04-29 13:49:31,908 basehttp 34200 35696 "GET /api/seats/?ids=5,6,7,1,2,3,10,4,8,9 HTTP/1.1" 200 523
INFO 2026-04-29 13:50:31,914 basehttp 34200 35696 "GET /api/seats/?ids=5,6,7,1,2,3,10,4,8,9 HTTP/1.1" 200 523
INFO 2026-04-29 13:51:31,916 basehttp 34200 35696 "GET /api/seats/?ids=5,6,7,1,2,3,10,4,8,9 HTTP/1.1" 200 523
INFO 2026-04-29 13:52:33,095 basehttp 34200 35696 "GET /api/seats/?ids=5,6,7,1,2,3,10,4,8,9 HTTP/1.1" 200 523
INFO 2026-04-29 13:53:31,915 basehttp 34200 35696 "GET /api/seats/?ids=5,6,7,1,2,3,10,4,8,9 HTTP/1.1" 200 523
INFO 2026-04-29 13:54:31,933 basehttp 34200 35696 "GET /api/seats/?ids=5,6,7,1,2,3,10,4,8,9 HTTP/1.1" 200 523
INFO 2026-04-29 13:55:31,908 basehttp 34200 35696 "GET /api/seats/?ids=5,6,7,1,2,3,10,4,8,9 HTTP/1.1" 200 523
INFO 2026-04-29 13:56:31,922 basehttp 34200 35696 "GET /api/seats/?ids=5,6,7,1,2,3,10,4,8,9 HTTP/1.1" 200 523
INFO 2026-04-29 13:57:31,943 basehttp 34200 35696 "GET /api/seats/?ids=5,6,7,1,2,3,10,4,8,9 HTTP/1.1" 200 523
INFO 2026-04-29 13:58:31,926 basehttp 34200 35696 "GET /api/seats/?ids=5,6,7,1,2,3,10,4,8,9 HTTP/1.1" 200 523
INFO 2026-04-29 13:59:31,908 basehttp 34200 35696 "GET /api/seats/?ids=5,6,7,1,2,3,10,4,8,9 HTTP/1.1" 200 523
INFO 2026-04-29 14:00:31,914 basehttp 34200 35696 "GET /api/seats/?ids=5,6,7,1,2,3,10,4,8,9 HTTP/1.1" 200 523
INFO 2026-04-29 14:01:31,899 basehttp 34200 35696 "GET /api/seats/?ids=5,6,7,1,2,3,10,4,8,9 HTTP/1.1" 200 523
INFO 2026-04-29 14:02:33,124 basehttp 34200 35696 "GET /api/seats/?ids=5,6,7,1,2,3,10,4,8,9 HTTP/1.1" 200 523
INFO 2026-04-29 14:03:31,918 basehttp 34200 35696 "GET /api/seats/?ids=5,6,7,1,2,3,10,4,8,9 HTTP/1.1" 200 523
INFO 2026-04-29 14:04:31,926 basehttp 34200 35696 "GET /api/seats/?ids=5,6,7,1,2,3,10,4,8,9 HTTP/1.1" 200 523
INFO 2026-04-29 14:05:31,925 basehttp 34200 35696 "GET /api/seats/?ids=5,6,7,1,2,3,10,4,8,9 HTTP/1.1" 200 523
INFO 2026-04-29 14:06:31,938 basehttp 34200 35696 "GET /api/seats/?ids=5,6,7,1,2,3,10,4,8,9 HTTP/1.1" 200 523
INFO 2026-04-29 14:07:33,433 basehttp 34200 35696 "GET /api/seats/?ids=5,6,7,1,2,3,10,4,8,9 HTTP/1.1" 200 523
INFO 2026-04-29 14:08:31,915 basehttp 34200 35696 "GET /api/seats/?ids=5,6,7,1,2,3,10,4,8,9 HTTP/1.1" 200 523
INFO 2026-04-29 14:09:31,903 basehttp 34200 35696 "GET /api/seats/?ids=5,6,7,1,2,3,10,4,8,9 HTTP/1.1" 200 523
INFO 2026-04-29 14:10:31,915 basehttp 34200 35696 "GET /api/seats/?ids=5,6,7,1,2,3,10,4,8,9 HTTP/1.1" 200 523
INFO 2026-04-29 14:11:31,927 basehttp 34200 35696 "GET /api/seats/?ids=5,6,7,1,2,3,10,4,8,9 HTTP/1.1" 200 523
INFO 2026-04-29 14:12:31,920 basehttp 34200 35696 "GET /api/seats/?ids=5,6,7,1,2,3,10,4,8,9 HTTP/1.1" 200 523
INFO 2026-04-29 14:13:31,931 basehttp 34200 35696 "GET /api/seats/?ids=5,6,7,1,2,3,10,4,8,9 HTTP/1.1" 200 523
INFO 2026-04-29 14:14:31,915 basehttp 34200 35696 "GET /api/seats/?ids=5,6,7,1,2,3,10,4,8,9 HTTP/1.1" 200 523
INFO 2026-04-29 14:15:32,276 basehttp 34200 30524 "GET /api/seats/?ids=5,6,7,1,2,3,10,4,8,9 HTTP/1.1" 200 523
INFO 2026-04-29 14:16:31,908 basehttp 34200 30524 "GET /api/seats/?ids=5,6,7,1,2,3,10,4,8,9 HTTP/1.1" 200 523
INFO 2026-04-29 14:17:31,913 basehttp 34200 30524 "GET /api/seats/?ids=5,6,7,1,2,3,10,4,8,9 HTTP/1.1" 200 523
INFO 2026-04-29 14:18:31,934 basehttp 34200 30524 "GET /api/seats/?ids=5,6,7,1,2,3,10,4,8,9 HTTP/1.1" 200 523
INFO 2026-04-29 14:19:31,919 basehttp 34200 30524 "GET /api/seats/?ids=5,6,7,1,2,3,10,4,8,9 HTTP/1.1" 200 523
INFO 2026-04-29 14:20:31,911 basehttp 34200 30524 "GET /api/seats/?ids=5,6,7,1,2,3,10,4,8,9 HTTP/1.1" 200 523
INFO 2026-04-29 14:21:31,924 basehttp 34200 30524 "GET /api/seats/?ids=5,6,7,1,2,3,10,4,8,9 HTTP/1.1" 200 523
INFO 2026-04-29 14:22:31,960 basehttp 34200 30524 "GET /api/seats/?ids=5,6,7,1,2,3,10,4,8,9 HTTP/1.1" 200 523
INFO 2026-04-29 14:23:31,934 basehttp 34200 27604 "GET /api/seats/?ids=5,6,7,1,2,3,10,4,8,9 HTTP/1.1" 200 523
INFO 2026-04-29 14:24:31,924 basehttp 34200 13512 "GET /api/seats/?ids=5,6,7,1,2,3,10,4,8,9 HTTP/1.1" 200 523
INFO 2026-04-29 14:25:31,916 basehttp 34200 38496 "GET /api/seats/?ids=5,6,7,1,2,3,10,4,8,9 HTTP/1.1" 200 523
INFO 2026-04-29 14:26:31,923 basehttp 34200 11884 "GET /api/seats/?ids=5,6,7,1,2,3,10,4,8,9 HTTP/1.1" 200 523
INFO 2026-04-29 14:27:31,989 basehttp 34200 35892 "GET /api/seats/?ids=5,6,7,1,2,3,10,4,8,9 HTTP/1.1" 200 523
INFO 2026-04-29 14:28:31,910 basehttp 34200 9204 "GET /api/seats/?ids=5,6,7,1,2,3,10,4,8,9 HTTP/1.1" 200 523
INFO 2026-04-29 14:29:31,938 basehttp 34200 38204 "GET /api/seats/?ids=5,6,7,1,2,3,10,4,8,9 HTTP/1.1" 200 523
INFO 2026-04-29 14:30:31,952 basehttp 34200 37928 "GET /api/seats/?ids=5,6,7,1,2,3,10,4,8,9 HTTP/1.1" 200 523
INFO 2026-04-29 14:31:31,937 basehttp 34200 37928 "GET /api/seats/?ids=5,6,7,1,2,3,10,4,8,9 HTTP/1.1" 200 523
INFO 2026-04-29 14:32:31,927 basehttp 34200 37928 "GET /api/seats/?ids=5,6,7,1,2,3,10,4,8,9 HTTP/1.1" 200 523
INFO 2026-04-29 14:33:31,921 basehttp 34200 37928 "GET /api/seats/?ids=5,6,7,1,2,3,10,4,8,9 HTTP/1.1" 200 523
INFO 2026-04-29 14:34:31,905 basehttp 34200 37928 "GET /api/seats/?ids=5,6,7,1,2,3,10,4,8,9 HTTP/1.1" 200 523
INFO 2026-04-29 14:35:31,913 basehttp 34200 37928 "GET /api/seats/?ids=5,6,7,1,2,3,10,4,8,9 HTTP/1.1" 200 523
INFO 2026-04-29 14:36:31,998 basehttp 34200 37928 "GET /api/seats/?ids=5,6,7,1,2,3,10,4,8,9 HTTP/1.1" 200 523
INFO 2026-05-02 17:14:18,640 autoreload 29236 16388 Watching for file changes with StatReloader
INFO 2026-05-02 17:14:30,665 basehttp 29236 24740 "GET / HTTP/1.1" 200 21856
INFO 2026-05-02 17:14:31,620 basehttp 29236 24740 "GET /static/css/styles.css HTTP/1.1" 200 47122
INFO 2026-05-02 17:14:31,631 basehttp 29236 25956 "GET /static/logo.png HTTP/1.1" 200 269584
INFO 2026-05-02 17:14:43,626 basehttp 29236 25956 "GET /catalog/ HTTP/1.1" 200 47445
INFO 2026-05-02 17:14:43,661 basehttp 29236 25956 "GET /static/js/ajax_seats.js HTTP/1.1" 200 2524
INFO 2026-05-02 17:14:43,729 basehttp 29236 25956 "GET /api/seats/?ids=5,6,7,1,2,3,10,4,8,9 HTTP/1.1" 200 523
INFO 2026-05-02 17:14:51,556 basehttp 29236 25956 "GET /courses/23CSE601/ HTTP/1.1" 200 9624
INFO 2026-05-02 17:14:51,592 basehttp 29236 25956 "GET /api/seats/5/ HTTP/1.1" 200 70
INFO 2026-05-02 17:15:00,392 basehttp 29236 25956 "GET /login/ HTTP/1.1" 200 4426
INFO 2026-05-02 17:15:10,700 basehttp 29236 25956 "POST /login/ HTTP/1.1" 302 0
INFO 2026-05-02 17:15:10,753 basehttp 29236 25956 "GET /dashboard/ HTTP/1.1" 200 15121
INFO 2026-05-02 17:15:22,645 basehttp 29236 25956 "GET / HTTP/1.1" 302 0
INFO 2026-05-02 17:15:22,697 basehttp 29236 25956 "GET /dashboard/ HTTP/1.1" 200 14803
INFO 2026-05-02 17:15:24,187 basehttp 29236 25956 "GET /catalog/ HTTP/1.1" 200 51702
INFO 2026-05-02 17:15:24,251 basehttp 29236 25956 "GET /api/seats/?ids=5,6,7,1,2,3,10,4,8,9 HTTP/1.1" 200 523
INFO 2026-05-02 17:15:26,228 basehttp 29236 25956 "GET /dashboard/ HTTP/1.1" 200 14803
INFO 2026-05-02 17:15:30,379 basehttp 29236 25956 "GET /preferences/ HTTP/1.1" 200 14220
INFO 2026-05-02 17:15:33,931 basehttp 29236 25956 "GET /profile/ HTTP/1.1" 200 13911
INFO 2026-05-02 17:15:44,485 basehttp 29236 25956 "GET /logout/ HTTP/1.1" 302 0
INFO 2026-05-02 17:15:44,534 basehttp 29236 25956 "GET / HTTP/1.1" 200 22150
INFO 2026-05-02 17:15:46,537 basehttp 29236 25956 "GET /login/ HTTP/1.1" 200 4426
INFO 2026-05-02 17:15:53,005 basehttp 29236 25956 "POST /login/ HTTP/1.1" 302 0
INFO 2026-05-02 17:15:53,016 basehttp 29236 25956 "GET /dashboard/ HTTP/1.1" 302 0
INFO 2026-05-02 17:15:53,047 basehttp 29236 25956 "GET /admin-panel/ HTTP/1.1" 200 26676
INFO 2026-05-02 17:16:00,836 basehttp 29236 25956 "GET /admin/csv-upload/ HTTP/1.1" 200 19703
INFO 2026-05-05 14:52:17,633 autoreload 21924 21928 Watching for file changes with StatReloader
INFO 2026-05-05 14:52:38,043 basehttp 21924 3532 "GET / HTTP/1.1" 200 21888
INFO 2026-05-05 14:52:38,196 basehttp 21924 3532 "GET /static/css/styles.css HTTP/1.1" 304 0
INFO 2026-05-05 14:52:38,196 basehttp 21924 7652 "GET /static/logo.png HTTP/1.1" 304 0
WARNING 2026-05-05 14:52:42,297 log 21924 24200 Not Found: /favicon.ico
WARNING 2026-05-05 14:52:42,301 basehttp 21924 24200 "GET /favicon.ico HTTP/1.1" 404 7223
INFO 2026-05-05 14:52:48,383 basehttp 21924 24200 "GET /login/ HTTP/1.1" 200 4426
INFO 2026-05-05 14:52:59,252 basehttp 21924 24200 "POST /login/ HTTP/1.1" 302 0
INFO 2026-05-05 14:52:59,383 basehttp 21924 24200 "GET /dashboard/ HTTP/1.1" 200 15121
INFO 2026-05-05 14:53:07,268 basehttp 21924 24200 "GET /logout/ HTTP/1.1" 302 0
INFO 2026-05-05 14:53:07,303 basehttp 21924 24200 "GET / HTTP/1.1" 200 22146
INFO 2026-05-05 14:53:09,887 basehttp 21924 24200 "GET /login/ HTTP/1.1" 200 4426
INFO 2026-05-05 14:53:17,793 basehttp 21924 24200 "POST /login/ HTTP/1.1" 302 0
INFO 2026-05-05 14:53:17,827 basehttp 21924 24200 "GET /dashboard/ HTTP/1.1" 302 0
INFO 2026-05-05 14:53:17,909 basehttp 21924 24200 "GET /admin-panel/ HTTP/1.1" 200 26676
INFO 2026-05-05 14:54:13,819 basehttp 21924 24200 "GET /logout/ HTTP/1.1" 302 0
INFO 2026-05-05 14:54:13,844 basehttp 21924 24200 "GET / HTTP/1.1" 200 22188
INFO 2026-05-05 14:54:18,562 basehttp 21924 24200 "GET /login/ HTTP/1.1" 200 4426
INFO 2026-05-05 14:54:26,941 basehttp 21924 19860 "POST /login/ HTTP/1.1" 302 0
INFO 2026-05-05 14:54:26,952 basehttp 21924 19860 "GET /dashboard/ HTTP/1.1" 302 0
INFO 2026-05-05 14:54:26,985 basehttp 21924 19860 "GET /admin-panel/ HTTP/1.1" 200 26676
INFO 2026-05-05 14:54:34,098 basehttp 21924 19860 "GET /logout/ HTTP/1.1" 302 0
INFO 2026-05-05 14:54:34,128 basehttp 21924 19860 "GET / HTTP/1.1" 200 22168
INFO 2026-05-05 14:57:21,067 basehttp 21924 19860 "GET /catalog/ HTTP/1.1" 200 47445
INFO 2026-05-05 14:57:21,105 basehttp 21924 19860 "GET /static/js/ajax_seats.js HTTP/1.1" 304 0
INFO 2026-05-05 14:57:21,203 basehttp 21924 19860 "GET /api/seats/?ids=5,6,7,1,2,3,10,4,8,9 HTTP/1.1" 200 523
INFO 2026-05-05 14:57:25,633 basehttp 21924 19860 "GET /courses/23CSE601/ HTTP/1.1" 200 9624
INFO 2026-05-05 14:57:25,706 basehttp 21924 19860 "GET /api/seats/5/ HTTP/1.1" 200 70
INFO 2026-05-05 14:57:38,812 basehttp 21924 19860 "GET /catalog/?department=CSE HTTP/1.1" 200 47436
INFO 2026-05-05 14:57:38,915 basehttp 21924 19860 "GET /api/seats/?ids=5,6,7,1,2,3,10,4,8,9 HTTP/1.1" 200 523
INFO 2026-05-05 14:57:46,258 basehttp 21924 19860 "GET / HTTP/1.1" 200 21760
INFO 2026-05-05 14:57:47,538 basehttp 21924 19860 "GET /login/ HTTP/1.1" 200 4426
INFO 2026-05-05 14:57:54,227 basehttp 21924 19860 "POST /login/ HTTP/1.1" 302 0
INFO 2026-05-05 14:57:54,239 basehttp 21924 19860 "GET /dashboard/ HTTP/1.1" 302 0
INFO 2026-05-05 14:57:54,276 basehttp 21924 19860 "GET /admin-panel/ HTTP/1.1" 200 26676
INFO 2026-05-05 14:58:45,195 basehttp 21924 19860 "GET /admin/download/summary-pdf/ HTTP/1.1" 200 2685
INFO 2026-05-05 14:59:40,056 basehttp 21924 19860 "GET /admin/export/?department=CSE HTTP/1.1" 200 553
INFO 2026-05-05 15:00:06,251 basehttp 21924 19860 "GET /admin/csv-upload/ HTTP/1.1" 200 19703
INFO 2026-05-05 15:02:51,131 basehttp 21924 19860 "GET /logout/ HTTP/1.1" 302 0
INFO 2026-05-05 15:02:51,146 basehttp 21924 19860 "GET / HTTP/1.1" 200 22231
INFO 2026-05-05 15:02:53,249 basehttp 21924 19860 "GET /login/ HTTP/1.1" 200 4426
INFO 2026-05-05 15:03:00,788 basehttp 21924 19860 "POST /login/ HTTP/1.1" 302 0
INFO 2026-05-05 15:03:00,814 basehttp 21924 19860 "GET /dashboard/ HTTP/1.1" 200 15121
INFO 2026-05-05 15:03:32,530 basehttp 21924 19860 "GET /preferences/ HTTP/1.1" 200 14220
INFO 2026-05-05 15:03:38,505 basehttp 21924 19860 "GET /catalog/ HTTP/1.1" 200 51702
INFO 2026-05-05 15:03:38,621 basehttp 21924 19860 "GET /api/seats/?ids=5,6,7,1,2,3,10,4,8,9 HTTP/1.1" 200 523
INFO 2026-05-05 15:03:58,621 basehttp 21924 19860 "GET /api/seats/?ids=5,6,7,1,2,3,10,4,8,9 HTTP/1.1" 200 523
INFO 2026-05-05 15:04:00,757 basehttp 21924 19860 "GET /profile/ HTTP/1.1" 200 13911
INFO 2026-05-05 15:04:08,544 basehttp 21924 19860 "GET / HTTP/1.1" 302 0
INFO 2026-05-05 15:04:08,579 basehttp 21924 19860 "GET /dashboard/ HTTP/1.1" 200 14803
INFO 2026-05-05 15:04:15,676 basehttp 21924 19860 "GET /logout/ HTTP/1.1" 302 0
INFO 2026-05-05 15:04:15,708 basehttp 21924 19860 "GET / HTTP/1.1" 200 22151
INFO 2026-05-05 15:05:44,359 basehttp 21924 19860 "GET /login/ HTTP/1.1" 200 4426
INFO 2026-05-05 15:05:50,557 basehttp 21924 19860 "POST /login/ HTTP/1.1" 302 0
INFO 2026-05-05 15:05:50,575 basehttp 21924 19860 "GET /dashboard/ HTTP/1.1" 302 0
INFO 2026-05-05 15:05:50,635 basehttp 21924 19860 "GET /admin-panel/ HTTP/1.1" 200 26676
INFO 2026-05-05 15:08:21,618 basehttp 21924 19860 "GET /admin/diagnostic/ HTTP/1.1" 200 14958
INFO 2026-05-05 15:08:33,736 basehttp 21924 19860 "GET /admin/ HTTP/1.1" 200 11667
INFO 2026-05-05 15:08:34,085 basehttp 21924 13708 "GET /static/admin/css/dashboard.css HTTP/1.1" 200 441
INFO 2026-05-05 15:08:34,090 basehttp 21924 13708 "GET /static/admin/js/nav_sidebar.js HTTP/1.1" 200 3063
INFO 2026-05-05 15:08:34,126 basehttp 21924 19860 "GET /static/admin/css/base.css HTTP/1.1" 200 21310
INFO 2026-05-05 15:08:34,127 basehttp 21924 2580 "GET /static/admin/css/responsive.css HTTP/1.1" 200 18559
INFO 2026-05-05 15:08:34,132 basehttp 21924 12192 "GET /static/admin/css/nav_sidebar.css HTTP/1.1" 200 2694
INFO 2026-05-05 15:08:34,146 basehttp 21924 25136 "GET /static/admin/css/dark_mode.css HTTP/1.1" 200 2929
INFO 2026-05-05 15:08:34,147 basehttp 21924 25724 "GET /static/admin/js/theme.js HTTP/1.1" 200 1943
INFO 2026-05-05 15:08:34,161 basehttp 21924 25724 "GET /static/admin/img/icon-addlink.svg HTTP/1.1" 200 331
INFO 2026-05-05 15:08:34,164 basehttp 21924 12192 "GET /static/admin/img/icon-deletelink.svg HTTP/1.1" 200 392
INFO 2026-05-05 15:08:34,169 basehttp 21924 25136 "GET /static/admin/img/icon-changelink.svg HTTP/1.1" 200 380
INFO 2026-05-10 10:56:29,410 autoreload 22436 24072 Watching for file changes with StatReloader
INFO 2026-05-10 10:56:47,773 basehttp 22436 11004 "GET / HTTP/1.1" 200 21874
INFO 2026-05-10 10:56:47,848 basehttp 22436 6408 "GET /static/logo.png HTTP/1.1" 304 0
INFO 2026-05-10 10:56:47,849 basehttp 22436 11004 "GET /static/css/styles.css HTTP/1.1" 304 0
WARNING 2026-05-10 10:56:48,427 log 22436 11004 Not Found: /favicon.ico
WARNING 2026-05-10 10:56:48,429 basehttp 22436 11004 "GET /favicon.ico HTTP/1.1" 404 7223
INFO 2026-05-10 10:56:57,805 basehttp 22436 11004 "GET /courses/23CSE601/ HTTP/1.1" 200 9624
INFO 2026-05-10 10:56:57,844 basehttp 22436 11004 "GET /static/js/ajax_seats.js HTTP/1.1" 304 0
INFO 2026-05-10 10:56:57,870 basehttp 22436 11004 "GET /api/seats/5/ HTTP/1.1" 200 70
INFO 2026-05-10 10:57:00,913 basehttp 22436 11004 "GET /login/ HTTP/1.1" 200 4426
INFO 2026-05-10 10:57:08,095 basehttp 22436 11004 "POST /login/ HTTP/1.1" 302 0
INFO 2026-05-10 10:57:08,104 basehttp 22436 11004 "GET /dashboard/ HTTP/1.1" 302 0
INFO 2026-05-10 10:57:08,147 basehttp 22436 11004 "GET /admin-panel/ HTTP/1.1" 200 26676
INFO 2026-05-10 11:44:37,951 autoreload 29120 23324 Watching for file changes with StatReloader
INFO 2026-05-10 11:44:40,198 basehttp 29120 11920 "GET / HTTP/1.1" 302 0
INFO 2026-05-10 11:44:40,210 basehttp 29120 11920 "GET /dashboard/ HTTP/1.1" 302 0
INFO 2026-05-10 11:44:40,253 basehttp 29120 11920 "GET /admin-panel/ HTTP/1.1" 200 26359
INFO 2026-05-10 11:44:51,231 basehttp 29120 11920 "POST /admin/run/ HTTP/1.1" 200 143
INFO 2026-05-10 11:44:53,284 basehttp 29120 11920 "GET /admin-panel/ HTTP/1.1" 200 26895
INFO 2026-05-10 11:45:28,521 basehttp 29120 11920 "POST /admin/override/ HTTP/1.1" 200 60
INFO 2026-05-10 11:45:44,694 basehttp 29120 11920 "POST /admin/override/ HTTP/1.1" 200 96
INFO 2026-05-10 11:46:29,483 basehttp 29120 11920 "GET /logout/ HTTP/1.1" 302 0
INFO 2026-05-10 11:46:29,526 basehttp 29120 11920 "GET / HTTP/1.1" 200 22129
INFO 2026-05-10 11:46:31,759 basehttp 29120 11920 "GET /login/ HTTP/1.1" 200 4426
INFO 2026-05-10 11:46:36,611 basehttp 29120 11920 "POST /login/ HTTP/1.1" 302 0
INFO 2026-05-10 11:46:36,621 basehttp 29120 11920 "GET /dashboard/ HTTP/1.1" 302 0
INFO 2026-05-10 11:46:36,641 basehttp 29120 11920 "GET /admin-panel/ HTTP/1.1" 200 27212
INFO 2026-05-10 11:46:43,611 basehttp 29120 11920 "GET /admin/diagnostic/ HTTP/1.1" 200 14961
INFO 2026-05-10 11:46:47,833 basehttp 29120 11920 "GET /admin/ HTTP/1.1" 200 11667
INFO 2026-05-10 11:46:47,876 basehttp 29120 10768 "GET /static/admin/css/dark_mode.css HTTP/1.1" 304 0
INFO 2026-05-10 11:46:47,876 basehttp 29120 11920 "GET /static/admin/css/base.css HTTP/1.1" 304 0
INFO 2026-05-10 11:46:47,878 basehttp 29120 23756 "GET /static/admin/css/nav_sidebar.css HTTP/1.1" 304 0
INFO 2026-05-10 11:46:47,881 basehttp 29120 24216 "GET /static/admin/css/responsive.css HTTP/1.1" 304 0
INFO 2026-05-10 11:46:47,882 basehttp 29120 29352 "GET /static/admin/css/dashboard.css HTTP/1.1" 304 0
INFO 2026-05-10 11:46:47,882 basehttp 29120 11920 "GET /static/admin/js/nav_sidebar.js HTTP/1.1" 304 0
INFO 2026-05-10 11:46:47,884 basehttp 29120 16712 "GET /static/admin/js/theme.js HTTP/1.1" 304 0
INFO 2026-05-10 11:46:47,892 basehttp 29120 29352 "GET /static/admin/img/icon-changelink.svg HTTP/1.1" 304 0
INFO 2026-05-10 11:46:47,892 basehttp 29120 11920 "GET /static/admin/img/icon-addlink.svg HTTP/1.1" 304 0
INFO 2026-05-10 11:46:47,984 basehttp 29120 16712 "GET /static/admin/img/icon-deletelink.svg HTTP/1.1" 200 392
INFO 2026-05-10 11:46:50,338 basehttp 29120 16712 "GET /admin/electives/course/ HTTP/1.1" 200 22564
INFO 2026-05-10 11:46:50,370 basehttp 29120 10768 "GET /static/admin/js/core.js HTTP/1.1" 200 5682
INFO 2026-05-10 11:46:50,371 basehttp 29120 16712 "GET /static/admin/css/changelists.css HTTP/1.1" 200 6566
INFO 2026-05-10 11:46:50,371 basehttp 29120 23756 "GET /static/admin/js/jquery.init.js HTTP/1.1" 200 347
INFO 2026-05-10 11:46:50,374 basehttp 29120 11920 "GET /static/admin/css/forms.css HTTP/1.1" 200 9090
INFO 2026-05-10 11:46:50,375 basehttp 29120 10768 "GET /static/admin/js/admin/RelatedObjectLookups.js HTTP/1.1" 200 8943
INFO 2026-05-10 11:46:50,383 basehttp 29120 16712 "GET /static/admin/js/actions.js HTTP/1.1" 200 7872
INFO 2026-05-10 11:46:50,383 basehttp 29120 23756 "GET /static/admin/js/urlify.js HTTP/1.1" 200 7887
INFO 2026-05-10 11:46:50,384 basehttp 29120 29352 "GET /admin/jsi18n/ HTTP/1.1" 200 3343
INFO 2026-05-10 11:46:50,385 basehttp 29120 11920 "GET /static/admin/js/prepopulate.js HTTP/1.1" 200 1531
INFO 2026-05-10 11:46:50,386 basehttp 29120 10768 "GET /static/admin/css/widgets.css HTTP/1.1" 200 11921
INFO 2026-05-10 11:46:50,391 basehttp 29120 23756 "GET /static/admin/img/search.svg HTTP/1.1" 200 458
INFO 2026-05-10 11:46:50,391 basehttp 29120 24216 "GET /static/admin/js/vendor/jquery/jquery.js HTTP/1.1" 200 292458
INFO 2026-05-10 11:46:50,393 basehttp 29120 16712 "GET /static/admin/js/vendor/xregexp/xregexp.js HTTP/1.1" 200 232381
INFO 2026-05-10 11:46:50,396 basehttp 29120 16712 "GET /static/admin/js/filters.js HTTP/1.1" 200 978
INFO 2026-05-10 11:46:50,414 basehttp 29120 24216 "GET /static/admin/img/sorting-icons.svg HTTP/1.1" 200 1097
INFO 2026-05-10 11:46:50,415 basehttp 29120 16712 "GET /static/admin/img/tooltag-add.svg HTTP/1.1" 200 331
INFO 2026-05-10 11:47:25,624 basehttp 29120 24216 "POST /admin/electives/course/ HTTP/1.1" 302 0
INFO 2026-05-10 11:47:25,665 basehttp 29120 24216 "GET /admin/electives/course/ HTTP/1.1" 200 22704
INFO 2026-05-10 11:47:25,709 basehttp 29120 24216 "GET /admin/jsi18n/ HTTP/1.1" 200 3343
INFO 2026-05-10 11:47:25,733 basehttp 29120 24216 "GET /static/admin/img/icon-yes.svg HTTP/1.1" 200 436
INFO 2026-05-10 11:47:40,404 basehttp 29120 24216 "GET /admin/electives/course/ HTTP/1.1" 200 22564
INFO 2026-05-10 11:47:40,437 basehttp 29120 24216 "GET /admin/jsi18n/ HTTP/1.1" 200 3343
INFO 2026-05-10 11:47:49,713 basehttp 29120 24216 "POST /admin/electives/course/ HTTP/1.1" 200 10311
INFO 2026-05-10 11:47:49,734 basehttp 29120 24216 "GET /static/admin/js/cancel.js HTTP/1.1" 200 884
INFO 2026-05-10 11:47:51,729 basehttp 29120 24216 "POST /admin/electives/course/ HTTP/1.1" 302 0
INFO 2026-05-10 11:47:51,775 basehttp 29120 24216 "GET /admin/electives/course/ HTTP/1.1" 200 21943
INFO 2026-05-10 11:47:51,798 basehttp 29120 24216 "GET /admin/jsi18n/ HTTP/1.1" 200 3343
INFO 2026-05-10 11:47:54,799 basehttp 29120 24216 "GET /admin/electives/course/add/ HTTP/1.1" 200 22278
INFO 2026-05-10 11:47:54,834 basehttp 29120 23756 "GET /static/admin/js/prepopulate_init.js HTTP/1.1" 200 586
INFO 2026-05-10 11:47:54,835 basehttp 29120 16712 "GET /static/admin/img/icon-viewlink.svg HTTP/1.1" 200 581
INFO 2026-05-10 11:47:54,838 basehttp 29120 24216 "GET /admin/jsi18n/ HTTP/1.1" 200 3343
INFO 2026-05-10 11:47:54,840 basehttp 29120 23756 "GET /static/admin/js/change_form.js HTTP/1.1" 200 606
INFO 2026-05-10 11:48:47,612 basehttp 29120 23756 "POST /admin/electives/course/add/ HTTP/1.1" 302 0
INFO 2026-05-10 11:48:47,667 basehttp 29120 23756 "GET /admin/electives/course/ HTTP/1.1" 200 22792
INFO 2026-05-10 11:48:47,710 basehttp 29120 23756 "GET /admin/jsi18n/ HTTP/1.1" 200 3343
INFO 2026-05-10 11:48:56,589 basehttp 29120 23756 "GET / HTTP/1.1" 302 0
INFO 2026-05-10 11:48:56,598 basehttp 29120 23756 "GET /dashboard/ HTTP/1.1" 302 0
INFO 2026-05-10 11:48:56,632 basehttp 29120 23756 "GET /admin-panel/ HTTP/1.1" 200 26879
INFO 2026-05-10 11:49:10,029 basehttp 29120 23756 "POST /admin/run/ HTTP/1.1" 200 96
INFO 2026-05-10 11:49:14,013 basehttp 29120 23756 "POST /admin/run/ HTTP/1.1" 200 143
INFO 2026-05-10 11:49:16,072 basehttp 29120 23756 "GET /admin-panel/ HTTP/1.1" 200 27405
INFO 2026-05-10 11:49:47,577 basehttp 29120 23756 "GET /admin/diagnostic/ HTTP/1.1" 200 14946
INFO 2026-05-10 11:49:59,648 basehttp 29120 23756 "GET /admin/ HTTP/1.1" 200 12258
INFO 2026-05-10 11:50:04,389 basehttp 29120 23756 "GET /admin/electives/preference/ HTTP/1.1" 200 17663
INFO 2026-05-10 11:50:04,425 basehttp 29120 23756 "GET /admin/jsi18n/ HTTP/1.1" 200 3343
INFO 2026-05-10 11:50:19,725 basehttp 29120 23756 "GET /admin/electives/student/ HTTP/1.1" 200 19273
INFO 2026-05-10 11:50:19,751 basehttp 29120 23756 "GET /admin/jsi18n/ HTTP/1.1" 200 3343
INFO 2026-05-10 11:50:25,624 basehttp 29120 23756 "GET /admin/electives/allocationrun/ HTTP/1.1" 200 13950
INFO 2026-05-10 11:50:25,670 basehttp 29120 23756 "GET /admin/jsi18n/ HTTP/1.1" 200 3343
INFO 2026-05-10 11:50:30,182 basehttp 29120 23756 "GET /admin/electives/allocation/ HTTP/1.1" 200 16464
INFO 2026-05-10 11:50:30,231 basehttp 29120 23756 "GET /admin/jsi18n/ HTTP/1.1" 200 3343
INFO 2026-05-10 11:50:43,431 basehttp 29120 23756 "GET /admin/electives/coursehistory/ HTTP/1.1" 200 10977
INFO 2026-05-10 11:50:43,481 basehttp 29120 23756 "GET /admin/jsi18n/ HTTP/1.1" 200 3343
INFO 2026-05-10 11:50:47,696 basehttp 29120 23756 "GET /admin/electives/waitlist/ HTTP/1.1" 200 10137
INFO 2026-05-10 11:50:47,730 basehttp 29120 23756 "GET /admin/jsi18n/ HTTP/1.1" 200 3343
INFO 2026-05-10 11:50:51,291 basehttp 29120 23756 "GET / HTTP/1.1" 302 0
INFO 2026-05-10 11:50:51,298 basehttp 29120 23756 "GET /dashboard/ HTTP/1.1" 302 0
INFO 2026-05-10 11:50:51,321 basehttp 29120 23756 "GET /admin-panel/ HTTP/1.1" 200 27405
INFO 2026-05-10 11:50:53,669 basehttp 29120 23756 "GET /logout/ HTTP/1.1" 302 0
INFO 2026-05-10 11:50:53,693 basehttp 29120 23756 "GET / HTTP/1.1" 200 22158
INFO 2026-05-10 11:50:55,929 basehttp 29120 23756 "GET /login/ HTTP/1.1" 200 4426
INFO 2026-05-10 11:51:05,966 basehttp 29120 23756 "POST /login/ HTTP/1.1" 302 0
INFO 2026-05-10 11:51:06,004 basehttp 29120 23756 "GET /dashboard/ HTTP/1.1" 200 15141
INFO 2026-05-10 11:51:15,746 basehttp 29120 23756 "GET /logout/ HTTP/1.1" 302 0
INFO 2026-05-10 11:51:15,774 basehttp 29120 23756 "GET / HTTP/1.1" 200 22170
INFO 2026-05-10 11:51:18,252 basehttp 29120 23756 "GET /login/ HTTP/1.1" 200 4426
INFO 2026-05-10 11:51:26,783 basehttp 29120 23756 "POST /login/ HTTP/1.1" 302 0
INFO 2026-05-10 11:51:26,809 basehttp 29120 23756 "GET /dashboard/ HTTP/1.1" 200 15121
INFO 2026-05-10 11:51:29,408 basehttp 29120 23756 "GET /preferences/ HTTP/1.1" 200 14220
INFO 2026-05-10 11:51:33,942 basehttp 29120 23756 "POST /preferences/remove/2/ HTTP/1.1" 200 31
INFO 2026-05-10 11:51:35,291 basehttp 29120 23756 "GET /catalog/ HTTP/1.1" 200 51513
INFO 2026-05-10 11:51:35,338 basehttp 29120 23756 "GET /api/seats/?ids=11,6,7,1,2,3,10,4,8,9 HTTP/1.1" 200 524
INFO 2026-05-10 11:51:40,506 basehttp 29120 23756 "POST /preferences/add/11/ HTTP/1.1" 200 117
INFO 2026-05-10 11:51:50,720 basehttp 29120 12256 "GET /logout/ HTTP/1.1" 302 0
INFO 2026-05-10 11:51:50,767 basehttp 29120 12256 "GET / HTTP/1.1" 200 22151
INFO 2026-05-10 11:52:07,400 basehttp 29120 12256 "GET /login/ HTTP/1.1" 200 4426
INFO 2026-05-10 11:52:14,276 basehttp 29120 12256 "POST /login/ HTTP/1.1" 302 0
INFO 2026-05-10 11:52:14,286 basehttp 29120 12256 "GET /dashboard/ HTTP/1.1" 302 0
INFO 2026-05-10 11:52:14,309 basehttp 29120 12256 "GET /admin-panel/ HTTP/1.1" 200 27722
INFO 2026-05-10 11:52:18,429 basehttp 29120 12256 "GET /admin/diagnostic/ HTTP/1.1" 200 14664
INFO 2026-05-10 11:52:21,948 basehttp 29120 12256 "GET /admin/ HTTP/1.1" 200 12258
INFO 2026-05-10 11:52:24,051 basehttp 29120 12256 "GET /admin/electives/course/ HTTP/1.1" 200 22561
INFO 2026-05-10 11:52:24,083 basehttp 29120 12256 "GET /admin/jsi18n/ HTTP/1.1" 200 3343
INFO 2026-05-10 11:52:30,530 basehttp 29120 12256 "GET /admin/electives/course/?o=-3.1 HTTP/1.1" 200 23126
INFO 2026-05-10 11:52:30,603 basehttp 29120 12256 "GET /admin/jsi18n/ HTTP/1.1" 200 3343
INFO 2026-05-10 11:52:32,762 basehttp 29120 12256 "GET /admin/electives/course/?o=1 HTTP/1.1" 200 22649
INFO 2026-05-10 11:52:32,803 basehttp 29120 12256 "GET /admin/jsi18n/ HTTP/1.1" 200 3343
INFO 2026-05-10 11:52:35,389 basehttp 29120 12256 "GET /admin/electives/course/?o=3.1 HTTP/1.1" 200 23087
INFO 2026-05-10 11:52:35,445 basehttp 29120 12256 "GET /admin/jsi18n/ HTTP/1.1" 200 3343
INFO 2026-05-10 11:52:46,984 basehttp 29120 12256 "GET /admin/electives/course/11/change/?_changelist_filters=o%3D3.1 HTTP/1.1" 200 22750
INFO 2026-05-10 11:52:47,038 basehttp 29120 12256 "GET /admin/jsi18n/ HTTP/1.1" 200 3343
INFO 2026-05-10 11:52:54,985 basehttp 29120 12256 "POST /admin/electives/course/11/change/?_changelist_filters=o%3D3.1 HTTP/1.1" 302 0
INFO 2026-05-10 11:52:55,065 basehttp 29120 12256 "GET /admin/electives/course/?o=3.1 HTTP/1.1" 200 23329
INFO 2026-05-10 11:52:55,104 basehttp 29120 12256 "GET /admin/jsi18n/ HTTP/1.1" 200 3343
INFO 2026-05-10 11:52:59,949 basehttp 29120 12256 "POST /admin/logout/ HTTP/1.1" 302 0
INFO 2026-05-10 11:53:00,019 basehttp 29120 12256 "GET / HTTP/1.1" 200 21823
INFO 2026-05-10 11:53:01,419 basehttp 29120 12256 "GET /login/ HTTP/1.1" 200 4426
INFO 2026-05-10 11:53:09,216 basehttp 29120 12256 "POST /login/ HTTP/1.1" 302 0
INFO 2026-05-10 11:53:09,243 basehttp 29120 12256 "GET /dashboard/ HTTP/1.1" 200 14129
INFO 2026-05-10 11:53:11,151 basehttp 29120 12256 "GET /preferences/ HTTP/1.1" 200 13116
INFO 2026-05-10 11:53:14,203 basehttp 29120 12256 "GET /catalog/ HTTP/1.1" 200 51513
INFO 2026-05-10 11:53:14,264 basehttp 29120 12256 "GET /api/seats/?ids=6,7,1,2,3,10,11,4,8,9 HTTP/1.1" 200 524
INFO 2026-05-10 11:53:22,193 basehttp 29120 12256 "POST /preferences/add/11/ HTTP/1.1" 200 91
INFO 2026-05-10 11:53:27,278 basehttp 29120 12256 "GET /logout/ HTTP/1.1" 302 0
INFO 2026-05-10 11:53:27,331 basehttp 29120 12256 "GET / HTTP/1.1" 200 22178
INFO 2026-05-10 11:53:29,166 basehttp 29120 12256 "GET /login/ HTTP/1.1" 200 4426
INFO 2026-05-10 11:53:37,077 basehttp 29120 12256 "POST /login/ HTTP/1.1" 302 0
INFO 2026-05-10 11:53:37,108 basehttp 29120 12256 "GET /dashboard/ HTTP/1.1" 200 15141
INFO 2026-05-10 11:53:39,404 basehttp 29120 12256 "GET /preferences/ HTTP/1.1" 200 14230
INFO 2026-05-10 11:53:42,112 basehttp 29120 12256 "POST /preferences/remove/4/ HTTP/1.1" 200 31
INFO 2026-05-10 11:54:28,908 basehttp 29120 12256 "GET /catalog/ HTTP/1.1" 200 51523
INFO 2026-05-10 11:54:28,982 basehttp 29120 12256 "GET /api/seats/?ids=6,7,1,2,3,10,11,4,8,9 HTTP/1.1" 200 524
INFO 2026-05-10 11:54:35,158 basehttp 29120 12256 "POST /preferences/add/11/ HTTP/1.1" 200 92
INFO 2026-05-10 11:54:40,237 basehttp 29120 12256 "GET /logout/ HTTP/1.1" 302 0
INFO 2026-05-10 11:54:40,277 basehttp 29120 12256 "GET / HTTP/1.1" 200 22126
INFO 2026-05-10 11:54:42,113 basehttp 29120 12256 "GET /login/ HTTP/1.1" 200 4426
INFO 2026-05-10 11:54:47,874 basehttp 29120 12256 "POST /login/ HTTP/1.1" 302 0
INFO 2026-05-10 11:54:47,890 basehttp 29120 12256 "GET /dashboard/ HTTP/1.1" 302 0
INFO 2026-05-10 11:54:47,927 basehttp 29120 12256 "GET /admin-panel/ HTTP/1.1" 200 27722
INFO 2026-05-10 11:54:50,164 basehttp 29120 12256 "POST /admin/run/ HTTP/1.1" 200 143
INFO 2026-05-10 11:54:52,207 basehttp 29120 12256 "GET /admin-panel/ HTTP/1.1" 200 27941
INFO 2026-05-10 12:17:43,325 autoreload 18576 29840 Watching for file changes with StatReloader
INFO 2026-05-10 12:17:53,764 basehttp 18576 9656 "GET /admin-panel/ HTTP/1.1" 200 28703
INFO 2026-05-10 12:17:55,326 basehttp 18576 9656 "GET /admin-panel/ HTTP/1.1" 200 28703
INFO 2026-05-10 12:17:56,793 basehttp 18576 9656 "GET /admin-panel/ HTTP/1.1" 200 28703
INFO 2026-05-10 12:17:56,903 basehttp 18576 9656 "GET /admin-panel/ HTTP/1.1" 200 28703
INFO 2026-05-10 12:17:57,135 basehttp 18576 9656 "GET /admin-panel/ HTTP/1.1" 200 28703
INFO 2026-05-10 12:18:11,947 basehttp 18576 9656 "POST /admin/run/ HTTP/1.1" 200 96
INFO 2026-05-10 12:18:15,932 basehttp 18576 9656 "POST /admin/run/ HTTP/1.1" 200 143
INFO 2026-05-10 12:18:18,025 basehttp 18576 9656 "GET /admin-panel/ HTTP/1.1" 200 28704
INFO 2026-05-10 12:18:34,723 basehttp 18576 9656 "GET /admin/diagnostic/ HTTP/1.1" 200 14968
INFO 2026-05-10 12:18:47,868 basehttp 18576 9656 "GET /admin/ HTTP/1.1" 200 12259
INFO 2026-05-10 12:18:52,743 basehttp 18576 9656 "GET /admin/electives/course/ HTTP/1.1" 200 22654
INFO 2026-05-10 12:18:52,780 basehttp 18576 9656 "GET /admin/jsi18n/ HTTP/1.1" 200 3343
INFO 2026-05-10 12:18:57,542 basehttp 18576 9656 "GET /admin/electives/student/ HTTP/1.1" 200 19357
INFO 2026-05-10 12:18:57,584 basehttp 18576 9656 "GET /admin/jsi18n/ HTTP/1.1" 200 3343
INFO 2026-05-10 12:19:00,863 basehttp 18576 9656 "GET /admin/electives/student/1/change/ HTTP/1.1" 200 17500
INFO 2026-05-10 12:19:00,893 basehttp 18576 9656 "GET /admin/jsi18n/ HTTP/1.1" 200 3343
INFO 2026-05-10 12:19:06,427 basehttp 18576 9656 "GET / HTTP/1.1" 302 0
INFO 2026-05-10 12:19:06,456 basehttp 18576 9656 "GET /dashboard/ HTTP/1.1" 302 0
INFO 2026-05-10 12:19:06,518 basehttp 18576 9656 "GET /admin-panel/ HTTP/1.1" 200 28704
INFO 2026-05-10 12:19:24,057 basehttp 18576 9656 "GET /admin/download/summary-pdf/ HTTP/1.1" 200 2684
INFO 2026-05-10 12:19:26,250 basehttp 18576 9656 "GET /catalog/ HTTP/1.1" 200 50893
INFO 2026-05-10 12:19:26,317 basehttp 18576 9656 "GET /api/seats/?ids=6,7,1,2,3,10,11,4,8,9 HTTP/1.1" 200 526
INFO 2026-05-10 12:19:46,978 basehttp 18576 9656 "GET /api/seats/?ids=6,7,1,2,3,10,11,4,8,9 HTTP/1.1" 200 526
INFO 2026-05-10 12:20:06,966 basehttp 18576 9656 "GET /api/seats/?ids=6,7,1,2,3,10,11,4,8,9 HTTP/1.1" 200 526
INFO 2026-05-10 12:20:26,968 basehttp 18576 9656 "GET /api/seats/?ids=6,7,1,2,3,10,11,4,8,9 HTTP/1.1" 200 526
INFO 2026-05-10 12:20:46,972 basehttp 18576 9656 "GET /api/seats/?ids=6,7,1,2,3,10,11,4,8,9 HTTP/1.1" 200 526
INFO 2026-05-10 12:21:06,951 basehttp 18576 9656 "GET /api/seats/?ids=6,7,1,2,3,10,11,4,8,9 HTTP/1.1" 200 526
INFO 2026-05-10 12:21:27,811 basehttp 18576 9656 "GET /api/seats/?ids=6,7,1,2,3,10,11,4,8,9 HTTP/1.1" 200 526
INFO 2026-05-10 12:21:47,969 basehttp 18576 9656 "GET /api/seats/?ids=6,7,1,2,3,10,11,4,8,9 HTTP/1.1" 200 526
INFO 2026-05-10 12:22:47,961 basehttp 18576 10840 "GET /api/seats/?ids=6,7,1,2,3,10,11,4,8,9 HTTP/1.1" 200 526
INFO 2026-05-10 12:23:47,974 basehttp 18576 10840 "GET /api/seats/?ids=6,7,1,2,3,10,11,4,8,9 HTTP/1.1" 200 526
INFO 2026-05-10 12:24:47,958 basehttp 18576 10840 "GET /api/seats/?ids=6,7,1,2,3,10,11,4,8,9 HTTP/1.1" 200 526
INFO 2026-05-10 12:25:47,955 basehttp 18576 10840 "GET /api/seats/?ids=6,7,1,2,3,10,11,4,8,9 HTTP/1.1" 200 526
INFO 2026-05-10 12:26:47,957 basehttp 18576 10840 "GET /api/seats/?ids=6,7,1,2,3,10,11,4,8,9 HTTP/1.1" 200 526
INFO 2026-05-10 12:27:47,975 basehttp 18576 10840 "GET /api/seats/?ids=6,7,1,2,3,10,11,4,8,9 HTTP/1.1" 200 526
INFO 2026-05-10 12:28:47,972 basehttp 18576 10840 "GET /api/seats/?ids=6,7,1,2,3,10,11,4,8,9 HTTP/1.1" 200 526
INFO 2026-05-10 12:29:15,136 autoreload 18576 29840 C:\Users\Rakesh\OneDrive\Desktop\django\Django_hacakathon_project\elective_optin\electives\utils.py changed, reloading.
INFO 2026-05-10 12:29:15,565 autoreload 3556 29628 Watching for file changes with StatReloader
INFO 2026-05-10 12:29:41,628 autoreload 3556 29628 C:\Users\Rakesh\OneDrive\Desktop\django\Django_hacakathon_project\elective_optin\electives\views.py changed, reloading.
INFO 2026-05-10 12:29:42,025 autoreload 28248 30564 Watching for file changes with StatReloader
INFO 2026-05-10 12:29:47,984 basehttp 28248 5176 "GET /api/seats/?ids=6,7,1,2,3,10,11,4,8,9 HTTP/1.1" 200 526
INFO 2026-05-10 12:29:53,943 autoreload 28248 30564 C:\Users\Rakesh\OneDrive\Desktop\django\Django_hacakathon_project\elective_optin\electives\urls.py changed, reloading.
INFO 2026-05-10 12:29:54,343 autoreload 13628 5184 Watching for file changes with StatReloader
INFO 2026-05-10 12:30:47,958 basehttp 13628 30700 "GET /api/seats/?ids=6,7,1,2,3,10,11,4,8,9 HTTP/1.1" 200 526
INFO 2026-05-10 12:30:51,171 autoreload 13628 5184 C:\Users\Rakesh\OneDrive\Desktop\django\Django_hacakathon_project\elective_optin\electives\views.py changed, reloading.
INFO 2026-05-10 12:30:51,562 autoreload 29940 13252 Watching for file changes with StatReloader
INFO 2026-05-10 12:31:01,312 autoreload 29940 13252 C:\Users\Rakesh\OneDrive\Desktop\django\Django_hacakathon_project\elective_optin\electives\urls.py changed, reloading.
INFO 2026-05-10 12:31:01,774 autoreload 30556 27500 Watching for file changes with StatReloader
INFO 2026-05-10 12:31:47,982 basehttp 30556 4636 "GET /api/seats/?ids=6,7,1,2,3,10,11,4,8,9 HTTP/1.1" 200 526
INFO 2026-05-10 12:32:47,968 basehttp 30556 4636 "GET /api/seats/?ids=6,7,1,2,3,10,11,4,8,9 HTTP/1.1" 200 526
INFO 2026-05-10 12:33:47,968 basehttp 30556 4636 "GET /api/seats/?ids=6,7,1,2,3,10,11,4,8,9 HTTP/1.1" 200 526
INFO 2026-05-10 12:34:47,966 basehttp 30556 4636 "GET /api/seats/?ids=6,7,1,2,3,10,11,4,8,9 HTTP/1.1" 200 526
INFO 2026-05-10 12:35:00,880 basehttp 30556 4636 "POST /preferences/add/11/ HTTP/1.1" 200 43
INFO 2026-05-10 12:35:03,707 basehttp 30556 4636 "GET /admin-panel/ HTTP/1.1" 200 32046
INFO 2026-05-10 12:35:10,109 basehttp 30556 4636 "POST /admin/run/ HTTP/1.1" 200 143
INFO 2026-05-10 12:35:12,176 basehttp 30556 4636 "GET /admin-panel/ HTTP/1.1" 200 32047
INFO 2026-05-10 12:35:19,445 basehttp 30556 4636 "GET /logout/ HTTP/1.1" 302 0
INFO 2026-05-10 12:35:19,490 basehttp 30556 4636 "GET / HTTP/1.1" 200 22115
INFO 2026-05-10 12:35:21,346 basehttp 30556 4636 "GET /login/ HTTP/1.1" 200 4426
INFO 2026-05-10 12:35:29,548 basehttp 30556 4636 "POST /login/ HTTP/1.1" 302 0
INFO 2026-05-10 12:35:29,581 basehttp 30556 4636 "GET /dashboard/ HTTP/1.1" 200 17111
INFO 2026-05-10 12:35:38,310 basehttp 30556 4636 "GET /logout/ HTTP/1.1" 302 0
INFO 2026-05-10 12:35:38,353 basehttp 30556 4636 "GET / HTTP/1.1" 200 22111
INFO 2026-05-10 12:35:40,055 basehttp 30556 4636 "GET /login/ HTTP/1.1" 200 4426
INFO 2026-05-10 12:35:50,415 basehttp 30556 4636 "POST /login/ HTTP/1.1" 302 0
INFO 2026-05-10 12:35:50,443 basehttp 30556 4636 "GET /dashboard/ HTTP/1.1" 200 22252
INFO 2026-05-10 12:36:17,438 basehttp 30556 4636 "GET /logout/ HTTP/1.1" 302 0
INFO 2026-05-10 12:36:17,471 basehttp 30556 4636 "GET / HTTP/1.1" 200 22049
INFO 2026-05-10 12:43:09,171 basehttp 30556 30900 "GET /courses/23EEO614/ HTTP/1.1" 200 8675
INFO 2026-05-10 12:43:09,215 basehttp 30556 30900 "GET /api/seats/9/ HTTP/1.1" 200 72
INFO 2026-05-10 12:43:17,842 basehttp 30556 30900 "GET /login/ HTTP/1.1" 200 4426
INFO 2026-05-10 12:43:29,510 basehttp 30556 30900 "POST /login/ HTTP/1.1" 302 0
INFO 2026-05-10 12:43:29,544 basehttp 30556 30900 "GET /dashboard/ HTTP/1.1" 200 22522
